;ID;Gender;Age;Education_lev;fluidIQ;Emotional;Carefreeness..N1.;Equanimity..N2.;Positive.mood..N3.;Self.consciousness..N4.;Self.control..N5.;Emot..robustness..N6.;Extraversion..E.;Friendliness..E1.;Sociableness..E2.;Assertiveness..E3.;Dynamism..E4.;Adventurousness...E5.;Cheerfulness..E6.;Openness..O.;Openn..to.imagin...O1.;Openn..to.aesth...O2.;Openn..to.feel...O3.;Openn..to.actions..O4.;Openn..to.ideas..O5.;Openn..to.val..norm...O6.;Conscientiousness..C.;Competence..C1.;Love.of.order..C2.;Sense.of.duty..C3.;Ambition..C4.;Discipline..C5.;Caution..C6.;Agreeableness..A.;Willingness.to.trust..A1.;Genuineness..A2.;Helpfulness..A3.;Obligingness..A4.;Modesty..A5.;Good.naturedness..A6.;freq_calls;freq_Tools;freq_Finance;freq_Games;freq_Entertainment;freq_Productivity;freq_Personalization;freq_News...Magazines;freq_Unknown;freq_Photography;freq_Shopping;freq_Communication;freq_Books...Reference;freq_Travel...Local;freq_Music...Audio;freq_Medical;freq_Education;freq_Business;freq_Lifestyle;freq_Transportation;freq_Weather;freq_Sports;freq_Browser;freq_Health...Fitness;freq_Media...Video;freq_Social;freq_Comics;mydatatest.avg_duration_calls;dur_Tools;dur_Finance;dur_Games;dur_Entertainment;dur_Productivity;dur_Personalization;dur_News...Magazines;dur_Unknown;dur_Photography;dur_Shopping;dur_Communication;dur_Books...Reference;dur_Travel...Local;dur_Music...Audio;dur_Medical;dur_Education;dur_Business;dur_Lifestyle;dur_Transportation;dur_Weather;dur_Sports;dur_Browser;dur_Health...Fitness;dur_Media...Video;dur_Social;dur_Comics
1;11304;1;23;4;0,7251;-0,9334;-1,23;-0,357;-0,72;-0,335;0,11;-0,688;-1,0278;-1,068;0,247;1,235;-0,359;-1,081;-1,438;-1,0703;0,576;-0,475;-0,517;-0,563;1,29;-1,608;-0,8548;-0,236;1,687;-0,828;0,341;0,02;0,834;-1,4482;-0,032;0,154;-0,764;-1,027;-1,082;-0,788;120;414;0;40;51;553;0;8;31;260;52;1930;3;128;113;0;11;1;7;153;0;184;231;176;1;8;0;80,50833333;19,98923409;0;474,1497414;66,14281193;27,29980671;0;63,48294756;5,594865643;22,30645631;62,54180805;60,22236339;102;66,64077967;19,27336697;0;35,31607592;4;60,66666667;55,46902727;0;124,4473711;72,5028561;125,3829965;140;0;0
2;11491;1;21;4;0,9921;1,1622;0,993;2,52;1,323;0,562;1,799;5,526;-1,1607;-1,488;-1,798;2,043;-1,182;0,554;-1,222;0,1221;1,558;-0,475;-5,648;0,917;5,515;1,332;1,0258;4,435;0,905;2,401;4,04;4,552;2,401;-2,1099;-1,156;-0,562;-2,474;-0,404;-1,082;-2,993;98;239;3;0;21;88;0;4;42;113;23;3430;5;19;4;0;0;7;0;34;0;0;187;0;1;211;0;176,2142857;21,20123595;77;0;292,6953664;29,82364569;0;0;2,149066178;16,75314657;90,80437962;42,19741093;52;53,70294692;0;0;0;24,28571429;0;74,58764491;0;0;95,82911038;0;0;82,58195373;0
3;12552;2;22;5;0,5541;-1,6827;-2,016;-2,303;-2,371;0,562;-1,045;-1,484;-0,2877;0,082;2,391;-2,005;2,375;1,438;-0,309;0,181;1,058;0,288;0,284;2,849;2,513;0,94;-1,1241;-1,872;-0,732;1,782;0,936;-0,227;-1,114;-0,1796;1,875;3,585;0,471;-0,616;2,202;-0,264;226;135;0;347;6;75;0;9;6;40;19;1068;12;20;2;0;69;3;0;47;0;0;101;0;0;277;0;84,90265487;27,01911868;0;178,964202;0;32,31286558;0;95,70033411;5,062646992;38,57736159;39,38915277;25,36169218;35,66006042;149,4561409;20;0;239,753781;3,666666667;0;65,97745403;0;0;86,09905171;0;0;78,25343177;0
4;13275;2;34;5;0,7387;-0,9873;-0,47;-0,58;-0,19;-0,815;-0,334;-0,43;-0,8691;1,37;-0,749;0,228;-1,182;0,107;-0,309;-0,4643;0,343;-0,018;1,28;1,18;1,003;0,568;-1,4071;-0,651;-0,958;-0,43;-1,159;-0,227;-0,226;-0,8839;0,653;0,615;-0,059;-0,186;0,093;0,389;89;157;0;0;41;75;2;4;3625;102;0;3140;256;108;21;0;0;9;0;3;108;0;263;53;4;118;0;35,31460674;20,67772305;0;0;84,17302801;31,06952229;99;0;3,227028832;17,03065505;0;41,0594892;30,19328458;42,85790792;15,2534274;0;0;11,40574214;0;2;28,18058227;0;50,14630932;37,60006769;0;63,63065532;0
5;13604;2;23;4;0,9785;0,1927;0,51;0,696;1,079;1,41;0,533;1,02;0,3674;0,85;2,692;1,767;3,312;0,995;0,84;-0,3404;0,815;-0,475;0,001;0,401;2,193;0,94;0,1243;0,722;2,251;2,401;2,539;1,816;1,139;-0,6329;0,194;0,615;0,471;0,041;1,419;0,389;244;140;0;164;20;140;1;0;3284;266;0;2153;14;141;13;0;0;0;0;6;72;0;363;0;10;15;0;98,16393443;8,812731666;0;43,50091128;3,621454678;14,40982493;6;0;2,502265076;11,13279816;0;26,96856481;67,71268845;48,22320658;2,245005873;0;0;0;0;77,33333333;3,812671375;0;30,3355293;0;9;16,40000874;0
6;14154;1;25;5;0,2092;0,5203;0,51;1,311;1,323;1,199;1,575;1,994;-0,1213;0,082;1,018;2,043;0,837;1,215;1,172;-0,3014;-0,748;-0,795;-1,235;2,248;2,854;0,753;0,566;1,889;2,559;2,401;3,586;2,769;1,768;-0,9829;-1,156;0,862;-0,059;-0,616;0,516;0,042;244;44;0;3;4;29;0;4;8;5;0;716;2;23;27;0;0;1;0;0;3;0;166;2;0;2;0;149,4795082;12,00968459;0;563;0;16,81278877;0;0;5,079446021;87,79524612;0;18,37842626;0;28,40383971;9,307286082;0;0;30;0;0;36,03995545;0;138,688685;157;0;0;0
7;15693;1;23;5;0,4192;-1,4149;-2,583;-0,58;-2,687;-1,316;0,533;0,071;-0,9906;0,85;-1,261;-0,013;-1,182;-1,882;0,84;-0,5096;1,058;0,444;0,591;-0,563;2,193;-0,186;0,49;-0,236;3,765;3,144;2,221;2,132;3,455;-1,2005;-0,481;-0,562;0,753;-1,027;-1,884;0,785;47;459;0;9;135;447;0;10;33;134;0;1433;24;84;12;0;37;51;0;53;29;0;104;14;28;308;0;684,212766;10,14007354;0;19,16803834;19,19088003;14,40957806;0;6,392009;3,818803305;13,75297893;0;21,94138453;3,32667374;17,31003904;3,995560298;0;20,62502464;5,435565389;0;20,76975594;2;0;33,79831795;18,47335548;20,48699104;22,69359604;0
8;17399;2;18;4;0,5361;-0,8745;-1,488;-1,274;0,072;1,199;-0,109;-0,951;0,5066;2,472;2,692;1,767;2,375;2,151;0,84;-0,0279;2,381;0,773;4,838;0,401;1,29;0,197;0,7585;2,541;3,765;2,749;3,586;1,816;2,726;-0,8064;-2,413;0,615;0,2;0,277;-1,884;2,861;368;926;0;121;508;202;0;7;34;443;3;6019;12;192;183;45;28;23;1;0;60;0;624;47;27;1344;0;31,77717391;16,14354479;0;183,0877726;182,9771809;12,09148269;0;8,25;2;23,75715297;0;29,53211636;10,9900149;37,44336046;21,06382914;2;50,88158524;23,95005612;0;0;3,667832625;0;38,1785204;25,63953583;43,18241675;48,54851869;0
9;18336;2;20;4;0,2676;-0,3583;-0,47;0,075;0,331;0,988;0,739;-0,43;-0,009;1,11;1,553;1,498;1,777;-0,354;1,172;-0,1844;1,818;0,444;3,368;0,657;1,003;0,384;-0,015;1,285;1,16;2,401;1,255;1,496;1,768;-0,0711;0,886;1,394;1,997;0,277;0,302;2,094;129;493;84;2;94;228;20;24;240;635;1;4575;25;33;27;0;2;39;4;21;13;0;1494;0;39;365;0;0;6,182717756;36,3194792;207;77,82347197;18,90572311;1,209473494;2;3,091655956;20,49818316;6;33,95611964;29,71402851;61,94677316;8,087628033;0;0;46,11771882;0;57,8;2;0;59,6718029;0;17,58969703;65,20705878;0
10;18818;2;21;4;0,259;0,7022;2,261;2,236;2,073;2,072;-1,821;1,255;0,4861;2,472;1,826;0,473;2,375;2,419;2,187;0,0551;0,343;-0,475;1,28;4,237;0,727;1,332;-1,4056;-0,447;-2,214;-0,43;0,63;-0,691;-0,899;0,7732;2,767;2,684;2,343;1,322;1,923;3,611;37;204;0;387;23;269;0;84;19;126;91;2086;17;21;15;75;0;11;7;316;2;0;446;6;14;95;0;241,8648649;9,991115875;0;366,9015221;18,60673837;15,44263461;0;79,57480968;3,507751075;24,26108448;115,4935021;37,60315129;47,04004995;33,57142857;71,18181818;7,461809137;0;20,45505281;28,93507239;50,76166068;0;0;53,72271553;65,86515532;12,09113414;34,76515632;0
11;19533;2;24;5;0,346;-0,5761;-1,488;0,285;0,834;0,345;0,739;-1,216;0,7423;3,603;3,018;-0,252;2,375;2,419;2,877;1,138;3,064;3,421;6,041;2,849;1,885;2,314;0,2527;1,285;0,905;1,495;3,206;1,816;3,071;0,8434;-0,032;0,615;3,558;2,859;2,202;4,513;288;87;0;0;23;88;0;70;5;97;22;2292;23;107;43;0;0;0;343;0;63;0;430;99;25;10;0;113,6458333;23,71130718;0;0;54,23076923;20,56627564;0;33,07044227;3,649422304;26,36413713;131,4069486;27,5261604;22,22003632;34,51911504;33,25800261;0;0;0;53,71995411;0;16,25705542;0;85,92267984;71,89327086;129,8;24;0
12;19612;1;20;4;1,1349;1,2184;1,732;1,981;1,568;1,199;3,357;3,695;0,2438;1,11;-0,003;1,767;2,078;3,061;1,85;0,6336;1,558;0,288;0,924;4,237;3,692;0,753;1,2016;1,583;3,765;3,62;4,659;3,485;3,915;0,3805;1,615;1,99;2,343;1,606;1,184;2,094;51;1505;0;100;2;142;0;90;15;52;5;841;2;17;72;0;14;5;0;18;0;23;202;0;0;0;0;17,82352941;7,946221414;0;92,21908468;0;28,35404732;0;101,1723847;5,354290279;25,90870845;146;94,20891591;0;82,12628076;7,110014087;0;108,3351983;12,97003341;0;70,50000546;0;75,3421299;91,61849455;0;0;0;0
13;20180;2;27;2;0,6785;-0,7997;-1,749;-0,807;-0,72;0,776;2,59;-1,484;-0,0876;1,633;1,283;2,043;1,777;-1,337;0,523;-0,4536;0,815;-1,145;6,041;0,917;0,727;-0,382;0,8736;1,285;4,42;1,22;5,857;2,447;3,071;-0,5062;-1,386;1,683;0,753;-0,822;-0,508;2,861;178;373;0;0;26;68;0;6;30;196;0;2255;19;12;8;0;0;14;122;0;0;0;25;0;143;460;0;459,0505618;27,94215925;0;0;140,4236462;34,17303872;0;0;2,636720743;23,27243976;0;30,02038278;20,62430508;32;33;0;0;44,42008285;48,85797653;0;0;0;98,05834473;0;40,17784274;107,3909119;0
14;20317;2;26;5;0,9162;0,2102;0,51;0,696;1,079;0,776;1,799;0,786;-0,2683;0,85;2,104;0,473;0,523;-0,832;1,172;-0,3509;-0,108;-0,018;1,644;1,18;1,584;0,753;1,2403;1,285;3,288;4,269;4,659;4,552;3,071;-0,0071;0,653;1,121;1,997;1,322;0,093;2,094;332;193;0;9;23;170;0;85;3;11;0;1183;9;14;13;0;0;0;0;25;8;7;38;0;2;85;0;60,25903614;9,145492308;0;477;73,23076923;22,0631691;0;26,57398074;5,274435126;52,00012056;0;20,27459303;24,25;83,39217969;6;0;0;0;0;32,4095471;46,66666667;38,33333333;64,18081651;0;0;25,06917935;0
15;20439;2;25;5;0,6056;0,3104;0,51;1,524;2,073;1,41;-0,109;0,313;-0,1673;1,633;1,018;-0,013;0,219;0,332;2,187;-0,0949;1,058;0,773;1,644;1,443;0,216;2,027;-1,0496;0,722;-1,189;0,455;-0,443;-1,132;1,139;-0,1943;1,123;0,615;1,351;1,322;0,956;1,223;154;132;0;0;15;73;0;0;9;58;0;1262;0;20;2;0;7;0;0;0;0;0;71;0;0;10;0;0;35,29087098;0;0;76,46004835;24,38221431;0;0;14,18154992;40,85563659;0;48,9017588;0;106,7167159;0;0;59,13207185;0;0;0;0;0;152,1611486;0;0;43,88012594;0
16;22271;2;19;4;0,9034;-0,2921;-0,721;1,311;-0,19;0,562;1,36;-0,688;-0,4207;1,11;2,104;-0,489;-0,359;-0,121;0,84;0,2752;-0,539;0,134;3,017;2,537;1,885;3,076;-0,2635;0,997;0,413;1,22;1,255;1,816;1,139;-0,358;1,615;1,683;0,2;0,041;0,516;1,67;253;300;0;0;19;55;0;22;14;227;0;2083;13;24;7;0;0;12;0;48;6;0;99;0;13;275;0;0;24,80403033;0;0;51,33335123;42,26528563;0;18,67823832;2,798900498;26,22566118;0;27,12344478;74,0712812;77,70095141;0;0;0;23,83333333;0;70,93586182;2;0;70,28008677;0;36,85714286;100,3825062;0
17;22718;2;20;4;0,9763;0,4077;0,993;0,492;2,073;2,593;-0,802;1,255;0,7477;2,472;2,104;2,043;2,673;0,995;3,663;1,1;3,064;0,444;0,284;3,637;5,515;1,332;0,2129;2,901;1,963;3,62;1,255;-0,463;2,726;-0,917;-1,623;1,121;-0,305;0,277;-1,884;1,67;134;111;7;0;19;374;0;11;25;93;16;1326;69;73;37;0;0;10;4;56;0;0;311;52;4;736;0;35,86567164;26,81980462;49,74674015;0;322,7049866;22,13685638;0;18,23501734;3,56835012;10,12003705;72,08841867;28,58730421;34,04777105;52,89571064;22,3243247;0;0;16,6;0;60,04408292;0;0;72,82007;58,99006406;46,20680766;67,87937509;0
18;23429;2;21;3;1,5184;0,0578;0,024;0,9;1,079;-0,815;2,299;1,02;0,1202;2,793;0,247;0,473;1,469;-1,337;3,663;1,4812;3,511;3,421;6,041;2,248;4,313;2,314;1,3913;2,207;3,288;3,62;3,586;5,747;3,915;0,5388;1,366;0,615;2,343;1,606;1,184;5,167;20;122;0;22;1;46;0;0;25;151;0;1249;18;2;56;0;0;39;0;63;1;0;333;3;0;333;0;0;41,92420487;0;696,4761905;18;30,27404033;0;0;4,472518316;21,06740596;0;36,78126246;37,88576299;151;12,76581107;0;0;60,66311972;0;61,14242353;24;0;73,73065369;518;0;57,59461227;0
19;23439;1;31;5;-0,2644;-0,1554;0,51;-0,357;0,331;1,41;-0,565;1,255;1,8134;3,159;5,644;3,333;5,94;3,487;2,877;0,7356;2,381;-1,145;3,017;5,419;2,854;0,568;1,0838;1,889;3,288;3,62;4,659;3,936;2,401;0,3358;0,886;1,394;3,112;1,322;0,093;2,861;601;326;146;110;41;1761;13;53;5677;135;39;3827;5;90;223;0;15;95;8;54;12;0;368;0;45;206;0;91,44093178;18,02691362;64,94546975;70,94576297;100,8522865;15,56651729;12,4866773;98,29350974;5,518634681;18,95965316;76,61582385;30,7142606;329,6666667;39,66230683;73,35106529;0;171,8654683;37,67907113;149,5072684;86,56350127;18,472883;0;39,62729832;0;56,46731251;35,39333417;0
20;23497;1;23;4;0,0911;-0,4073;-0,222;0,285;0,331;-1,063;1,15;0,313;-0,6034;0,85;-1,002;0,228;0,523;-0,354;0,84;0,4181;3,511;0,773;1,28;-0,563;3,692;1,774;1,6397;3,785;2,898;5,504;4,659;4,552;3,455;-0,8169;-0,257;0,154;1,047;0,277;0,302;-0,538;416;1428;56;14;307;529;6;50;1052;190;51;2111;32;73;72;0;0;4;59;153;8;0;1103;0;59;142;0;163,1442308;8,792905994;44,76514585;0;14,43791669;3,863383741;6,988013785;25,46345745;4,898367132;9,828503235;37,93265886;17,63653292;17,3978326;17,24094408;4,895117048;0;0;7,810025336;43,91596641;42,21875876;17,5;0;35,5666837;0;13,73879434;24,39149164;0
21;24761;1;18;4;0,9713;0,0399;-0,222;0,696;0,834;0,345;2,299;0,551;-0,6097;-0,401;-1,525;1,767;1,154;-0,354;0,523;-0,4533;0,576;0,606;-0,264;-0,094;1,584;0,94;0,2697;0,997;1,421;2,749;3,586;2,132;1,139;-0,8317;-0,481;0,862;-0,059;0,041;0,302;0,389;129;134;0;153;15;313;0;85;16;32;0;643;4;4;60;0;4;2;2;18;24;0;529;0;4;752;0;39,52713178;22,7973898;0;146,0914227;50,02870278;46,76677506;0;108,5040727;3,271526917;21,50920126;0;27,37940549;0;0;11,65282578;0;0;0;0;42,16015481;10,23401946;0;121,4221582;0;0;81,69538543;0
22;25282;2;28;4;-0,3466;0,1202;0,752;0,9;0,331;1,623;-0,109;1,02;0,5965;2,793;2,391;1,498;2,982;0,554;2,187;-0,1725;0,815;0,949;2,345;1,707;1,003;0,384;-0,19;0,722;0,656;2,749;1,255;0,862;1,452;-0,0414;-1,156;2,321;1,997;1,046;0,516;1,223;124;112;0;2;101;160;2;25;16;379;19;1913;4;67;393;0;4;2;271;42;83;0;274;19;4;1041;0;42,66935484;15,05240127;0;95;123,0148992;65,23882023;0;78,17684948;4,939316216;76,472071;335,3163544;76,05765063;0;61,42437992;43,15966995;0;0;43;207,9734337;52,81629006;47,13364922;0;93,94123767;58,66666667;0;112,1913337;0
23;25495;2;20;4;0,082;0,7339;1,732;0,492;1,079;2,318;1,15;2,874;0,6199;3,159;3,387;1,235;0,219;0,995;4,158;-0,5025;-0,748;1,554;-0,264;1,974;0,464;0,384;-0,295;-0,016;-0,055;2,749;0,63;2,447;0,544;-1,0705;-2,726;0,615;1,047;-1,645;1,184;-0,538;209;245;0;243;35;119;0;0;25;194;23;1769;13;48;40;0;0;23;0;134;44;0;411;0;61;303;0;55,6937799;11,29367239;0;74,17537699;167,9766378;24,54699763;0;0;3,224737975;19,05312019;34,64306662;31,9663937;35,29183203;51,16850145;43,12176279;0;0;41,54785039;0;50,81745255;8,342008316;0;83,09725995;0;47,56951088;50,79051185;0
24;25835;2;50;2;-0,9661;-0,8701;-1,749;-0,58;-0,986;0,123;0,11;0,551;-0,3042;0,334;1,553;1,767;0,837;-1,337;0,84;-0,9145;-1,81;-0,169;1,28;1,18;-0,018;0,384;0,4088;0,462;2,559;4,269;1,902;2,769;1,452;0,1372;1,875;1,99;2,343;0,779;0,734;1,223;98;56;0;0;12;103;0;12;4;144;0;1882;4;8;6;0;0;2;0;4;0;0;72;0;75;9;0;0;26,66676167;0;0;0;21,39204637;0;0;10,74449164;32,626398;0;60,74489784;0;0;0;0;0;35;0;56;0;0;51,54325809;0;31,9746321;4;0
25;25870;2;20;4;0,4028;-0,1372;0,024;0,075;0,834;0,988;0,944;0,071;0,0607;1,37;1,553;1,235;1,154;0,995;1,511;-0,2304;1,058;0,444;3,368;0,657;1,003;0,753;-0,4334;0,722;0,905;0,954;1,255;0,563;1,139;-0,3474;0,422;0,615;1,351;0,277;0,093;2,094;202;147;0;161;11;61;0;4;19;51;0;1609;4;161;8;0;0;0;0;0;0;0;128;0;4;375;0;44,43069307;18,82583165;0;350,9396192;41,33333333;51,47012768;0;151;5,55182975;38,47805209;0;30,6377047;0;41,71776583;0;0;0;0;0;0;0;0;69,74156659;0;0;26,82611337;0
26;26192;2;24;4;-0,2345;0,0026;0,024;0,9;0,331;0,345;0,739;1,494;-0,6576;0,082;1,018;-1,215;0,523;-0,121;0,225;-0,3749;0,815;-0,321;0,284;0,917;1,29;0,94;-0,2538;-0,236;0,176;1,782;2,539;1,496;1,139;-0,3414;-0,032;1,394;0,471;1,898;1,664;-0,264;89;112;0;1;31;67;0;51;21;69;1;1693;4;129;4;0;0;24;70;25;0;0;480;0;24;479;0;53,46067416;4,874460386;0;18;149,8178366;27,28352651;0;111,3720887;3,019319004;30,60618271;0;46,00844524;0;57,19720722;0;0;0;45,90677617;53,67132265;57,34366471;0;0;92,52414489;0;18,24000877;106,9994384;0
27;26690;2;27;5;0,0514;0,229;0,51;0,492;2,073;2,072;0,533;-0,177;0,3846;2,472;2,692;-1,73;1,469;0,995;4,158;0,3888;2,699;-0,018;2,68;1,707;2,513;1,332;-1,0519;-1,658;-1,189;1,22;0,63;0,862;-0,681;0,3893;1,366;0,862;1,997;1,322;3,304;2,861;229;238;0;0;3;82;0;0;1;37;0;1251;0;12;62;0;0;0;0;43;0;0;19;0;0;4;0;146,8253275;42,70071146;0;0;30;28,47002553;0;0;7,63386182;21,16291736;0;34,85820183;0;57,98822618;9,239297359;0;0;0;0;59,50896757;0;0;31,25777878;0;0;0;0
28;27993;1;25;4;0,3633;-0,0768;-0,47;0,285;0,834;0,988;0,739;1,02;0,0733;1,37;1,826;1,498;1,469;0,995;0,84;-0,1128;1,305;-1,338;0,924;2,248;1,885;0,753;0,02;0,722;1,421;2,749;1,902;1,496;1,452;-0,8045;-0,929;1,121;0,753;-0,186;0,516;-0,538;312;155;0;0;0;47;0;0;2401;245;0;2923;17;0;72;0;0;2;0;0;0;0;145;7;0;509;0;117,2115385;17,49335702;0;0;0;17,85540129;0;0;2;13,79612596;0;25,72618488;33,48859639;0;10,16546889;0;0;11,5;0;0;0;0;43,77020302;2;0;48,06238988;0
29;28017;2;25;5;0,1229;-0,1301;-0,222;0,492;0,331;0,123;1,575;0,786;-0,7105;1,37;0,247;-0,013;-0,909;-1,882;1,172;-0,5368;0,576;-0,169;0,591;0,401;1,885;-0,186;1,0344;0,997;2,559;5,504;2,864;2,769;4,54;-0,0816;0,194;0,379;1,667;0,779;1,664;2,487;17;159;0;94;19;45;0;12;137;40;0;356;8;14;2;0;2;22;0;47;53;0;127;0;5;10;0;0;5,714729464;0;481,5471676;83,02868666;17,84170666;0;0;2,964727364;21,87288956;0;43,34516553;16,32667409;56,66666667;0;0;582;72,3590737;0;40,26430914;12,27024426;0;70,72311593;0;28;0;0
30;28756;2;23;4;-0,0782;-0,2914;-0,47;-0,139;0,585;0,776;1,36;-0,177;-0,1242;2,793;1,283;0,228;-0,074;1,215;0,84;-0,2847;1,305;0,606;6,041;0,657;0,216;0,008;0,485;1,285;2,559;3,62;1,902;1,496;3,455;0,2737;-0,257;0,154;3,112;1,322;1,184;3,611;238;237;0;163;21;40;0;16;113;90;7;2364;7;6;359;0;0;0;0;39;110;0;67;0;2;72;0;255,2773109;16,99224261;0;254,4989507;231,2;27,285234;0;0;2,942063133;22,81196346;57,4;37,38131005;41,94006682;51,34006607;10,65524399;0;0;0;0;55,98113034;34,91576;0;66,02597382;0;0;98,19622375;0
31;28923;2;22;4;0,2014;0,5131;0,993;1,311;2,073;0,988;0,944;1,255;-0,0139;1,11;1,283;1,235;1,469;1,215;0,84;-0,2079;1,058;0,773;1,28;0,917;1,003;1,132;-0,3121;1,285;1,16;0,954;1,255;1,175;0,834;-0,4345;1,366;0,379;1,047;0,779;0,516;0,785;114;450;0;170;111;176;0;72;43;186;2;6947;14;49;110;0;0;21;1;210;47;0;1080;11;26;12;0;0;6,284654053;0;43,61587314;51,83963102;18,45373985;0;46,36827633;2,692302151;14,01336278;0;22,11740659;20,97336516;46,13235838;11,90209272;0;0;22,4087704;0;34,04515441;4,220779682;0;87,89590569;42,10767339;152,0208276;0;0
32;30645;2;21;4;0,498;1,2249;2,261;1,311;2,949;3,896;-0,109;2,553;0,5896;0,85;3,018;1,498;2,375;1,666;3,249;0,1422;2,09;-0,475;-0,76;2,248;2,513;1,132;-0,2515;2,207;0,656;0,954;1,255;1,496;0,544;-0,8064;0,422;0,615;0,471;-0,404;-1,082;1,223;121;362;3;448;275;40;0;40;62;42;1;2110;4;11;34;0;5;23;0;63;1;27;162;0;23;548;0;0;17,41791084;49;66,35928285;52,7459822;14,08001186;0;27,75756489;3,375991481;37,22831057;0;31,01660092;0;44;6,974313874;0;113,25;46,39432615;0;57,44071912;32;32,97530273;67,36985739;0;55,14854273;112,6804581;0
33;30932;1;29;5;0,8474;-0,8678;-1,488;0,075;-0,455;-0,335;-0,565;-0,177;0,3116;2,472;1,826;0,473;2,673;1,215;1,172;0,3261;3,064;4,61;6,041;1,18;1,003;-1,191;-0,8825;-0,016;-1,189;0,221;0,936;0,862;0,016;-0,3513;-0,032;0,379;1,997;0,277;0,093;1,67;246;269;0;0;33;198;0;0;4;138;0;1815;7;35;135;0;15;15;0;37;22;0;272;27;12;89;0;0;9,151020087;0;0;164,8503812;22,70519115;0;0;17,28145513;20,40074639;0;30,29437084;84,20329443;45,34311947;10,30637793;0;47,15287074;65,75686148;0;60,54294977;14,58801414;0;72,83017749;62,38461538;45,02350439;18,46285731;0
34;32611;1;21;4;1,0549;-0,7051;-0,47;-1,038;-0,986;0,345;0,11;0,786;-0,481;0,334;-0,749;0,976;0,523;1,215;0,523;-0,9853;0,114;-0,018;-0,264;0,15;-0,018;-0,382;-1,0423;-0,651;0,905;0,455;0,067;0,02;-0,899;-1,934;-0,032;-0,562;-0,98;-1,864;-2,682;-1,448;84;1420;43;370;311;120;15;213;1417;226;17;1773;4;42;296;0;109;34;150;68;12;1;321;26;5;37;0;66,0952381;1,993703089;58,41399216;13,36514225;99,1357757;10,47795286;2,995008098;105,5207751;3,364168769;7,402690439;34,02404745;11,62801215;0;45,41917328;9,786285741;0;2,369871406;16,19671864;13,9410473;34,43194967;18,29911854;14;37,5165183;13,61000882;4;3,990011137;0
35;32670;2;27;5;0,9607;0,2737;1,236;0,696;1,323;2,072;-0,565;0,786;0,4199;2,793;2,692;1,767;1,777;0,107;1,85;0,0066;1,058;1,136;2,001;1,18;1,29;1,545;-0,5872;0,722;-0,732;0,7;1,255;1,175;0,544;0,1212;-0,929;2,321;1,997;0,523;1,184;2,487;153;182;5;0;17;116;0;10;23;77;0;1060;4;27;2;0;0;6;0;38;16;0;202;27;41;8;0;161,0457516;22,88399211;35;0;32,12338587;28,45014555;0;0;5,379395443;22,85971026;0;33,61116156;0;48,98232884;0;0;0;46,03014513;0;42,47599171;15,4375;0;48,91370017;51,51714076;43,60112539;0;0
36;32944;2;24;4;0,9327;-0,2227;0,268;0,492;1,079;0,776;-1,045;0,071;-0,4987;1,11;-0,251;0,473;0,219;-0,59;1,172;-0,2261;1,058;1,336;2,68;0,657;0,727;0,753;-0,2825;0,997;1,16;0,954;2,221;0,283;1,452;-0,3466;0,653;1,121;0,753;0,779;0,093;1,67;204;161;0;100;41;147;0;35;26;158;18;2683;44;41;89;0;0;17;16;74;1;1;335;0;18;658;0;1347,676471;18,68205505;0;284,3741097;132,4172166;24,5070914;0;32,4;11,60307614;19,82123169;55,73207186;35,07153287;36,98643364;54,27272727;18,20604269;0;0;8,970035153;0;55,78631109;2;23;57,38817329;0;19,29338219;64,47408992;0
37;33992;2;26;4;0,6427;0,9286;1,482;1,524;2,342;2,072;1,799;1,739;1,3308;4,217;1,826;2,631;3,682;0,554;6,088;1,9292;4,128;4,61;6,041;3,204;4,313;3,076;1,4893;3,304;1,963;5,504;4,04;3,936;4,54;0,7418;1,615;1,394;3,112;2,517;0,734;4,025;139;393;0;0;175;118;0;12;53;85;0;2348;16;34;21;0;0;21;5;100;1;0;1453;0;15;10;0;7,050359712;11,63408056;0;0;268,4469222;25,89774325;0;0;2,662403242;21,12235361;0;34,48126974;11,23002055;53,29876678;4,135406515;0;0;38,760064;72,8;50,14467796;2;0;87,01818762;0;60,43196208;78;0
38;34196;1;21;4;0,9459;-0,1549;0,024;0,075;1,079;1,199;-1,045;1,02;-0,104;0,85;3,387;-0,489;-0,359;0,107;2,527;-0,5634;2,09;-0,632;-1,472;1,707;0,464;-0,582;-1,6259;-0,236;-2,517;-0,004;-1,159;-0,913;-1,33;-0,9828;0,422;0,154;-0,305;0,041;-0,312;0,389;362;2836;0;507;46;64;8;4;20;34;0;2089;11;89;63;0;1;5;0;0;0;0;564;3;4;229;0;184,1740331;2,287255446;0;84,22611749;73,6602154;14,37949082;8,313357127;0;3,717782686;6,260011034;0;30,02647425;16,94007059;38,89621532;19,11309068;0;0;157,5;0;0;0;0;48,79899842;0;0;41,06301614;0
39;34745;1;22;4;0,8775;0,171;0,51;0,696;1,323;-0,103;0,944;1,739;-0,3575;0,082;-0,499;0,473;1,469;0,332;1,511;-0,2452;0,114;-0,965;0,001;1,707;3,235;0,197;0,5983;1,583;2,559;2,749;2,864;2,447;3,071;-0,2853;-0,032;1,121;1,351;1,046;0,302;1,223;22;286;45;153;71;111;0;56;18;33;10;636;19;42;141;0;0;8;0;69;17;30;70;14;9;56;0;47,72727273;23,95321953;53,11009867;318,9704465;67,59333689;32,19167175;0;44,27511561;2;19,21232776;0;38,67716324;19,55555556;46,89267854;12,59983913;0;0;51;0;50,30886517;15,53846154;77,84019083;104,4304371;17,5571593;2;64,07199203;0
40;35018;2;19;4;1,3901;-0,0757;0,51;-0,139;2,073;0,988;0,11;-0,43;0,3188;2,178;2,692;1,767;2,078;-0,354;1,511;0,1267;1,058;-0,475;2,68;1,443;4,313;-0,186;0,0583;1,285;0,905;1,22;3,586;2,132;0,834;-0,1704;1,615;0,862;1,351;1,606;-1,082;2,094;378;127;0;16;3;11;0;4;10;56;0;1267;0;19;52;48;0;4;0;18;0;0;45;0;2;32;0;47,0026455;27,71486918;0;92,35224077;92,56049003;33,63636364;0;0;3,354680025;36,8992495;0;28,47688512;0;107,9683548;14,24551809;10,29455523;0;119,75;0;66,5438173;0;0;61,35535566;0;0;55,12156425;0
41;36099;2;23;4;2,4034;-0,2251;-0,974;0,696;0,585;0,988;1,15;-0,177;-0,302;1,37;1,018;0,722;0,523;-0,832;1,172;-0,4408;0,114;-0,321;2,001;0,917;0,727;1,132;-0,152;0,462;0,905;1,495;2,539;1,496;1,139;-0,189;0,422;0,862;1,351;1,046;0,302;2,094;471;544;0;172;43;494;0;20;70;121;0;3750;2;266;16;47;0;28;2;119;2;6;612;2;7;809;0;133,6815287;16,45441417;0;283,2923773;73,08533289;22,4064694;0;0;3,630879445;43,77597042;0;18,20102451;0;55,00074317;35;2;0;77,08779302;0;62,42299779;3,5;127,0998886;64,18771989;0;152;51,56239677;0
42;36144;1;33;4;-0,0822;-0,2662;0,024;0,492;0,585;1,199;-0,334;-0,43;-0,3316;0,85;1,283;0,473;1,777;-0,832;-0,051;-0,42;0,576;0,949;1,28;0,657;-0,018;1,332;-1,0358;-0,651;-0,958;0,7;-0,443;0,283;0,544;-0,4142;1,366;0,379;1,047;0,523;0,516;1,223;1300;488;11;31;363;435;0;216;122;59;164;5533;9;341;14;4;2;16;222;244;26;0;582;46;54;2142;0;122,8061538;22,54629108;12;44;103,6181075;33,2556271;0;10,21194491;9,242886062;19,01544862;39,29528275;19,3479124;92;52,29924406;70;21,5;6;26,3154665;32,50529887;55,76145692;13,75955589;0;53,69546766;32,91005961;39,79067784;41,70517535;0
43;36482;2;22;4;-0,3989;0,2485;0,752;-0,357;1,568;1,842;0,944;1,255;1,5174;3,603;4,447;2,96;4,129;2,151;4,158;1,4962;2,09;2,406;6,041;2,248;3,692;4,863;1,0316;4,435;0,656;3,62;4,04;3,108;3,071;0,8568;0,422;1,99;4,084;1,898;1,923;3,23;568;2077;0;0;178;336;0;126;1603;1316;100;8357;4;100;190;0;1;14;2;169;0;0;2448;6;45;1071;0;78,375;1,73494354;0;0;31,54694315;14,24477636;0;74,43484048;2,051138152;10,56095277;63,01694011;17,65581073;46,67019882;36,03560524;10,9078279;0;1;24,20925373;14,5;34,48681926;0;0;69,11076215;3,485016706;10,37944928;61,97420899;0
44;36803;2;23;4;0,203;1,0689;1,991;1,981;2,949;1,842;1,799;1,255;0,4459;2,472;1,283;0,228;1,777;1,666;3,663;2,1176;5,329;1,136;6,041;3,637;4,313;4,863;-0,0591;1,583;0,656;1,782;1,579;1,496;1,768;1,4299;3,137;2,321;3,558;2,517;3,304;5,167;147;620;0;65;187;60;0;26;294;56;0;1521;82;25;45;0;0;25;0;4;0;0;251;84;2;126;0;0;3,934568996;0;137,2965692;221,9152318;19,22117622;0;77,36021248;2,445225237;21,47346294;0;30,63793485;23,71154723;52,6376323;7,186493396;0;0;29,05914295;0;82,25;0;0;85,91002258;22,75505213;109,5;279,4836736;0
45;37106;2;24;5;-0,0598;-0,2838;-0,222;0,492;0,072;-0,103;0,944;0,551;-0,4538;1,37;1,553;-0,252;0,219;-1,882;1,172;-0,6372;-0,108;-0,632;1,28;0,917;1,003;0,197;-0,2391;0,216;0,905;3,144;1,255;1,175;0,544;-0,3979;0,194;1,121;1,047;0,779;-0,112;1,223;62;191;0;60;12;210;0;15;21;156;0;1113;17;58;89;0;23;32;0;48;5;0;192;0;20;10;0;0;18,35142117;0;149,9871882;0;18,39979351;0;3;3,271281506;45,83011148;0;65,05453473;58,73365022;70,63607522;15,61729551;0;647,2155824;49,80523805;0;49,81001049;21;0;123,3811328;0;138;0;0
46;37209;2;21;4;0,9461;-0,225;0,024;-0,58;1,323;0,988;0,739;-0,177;-0,072;2,178;1,283;-1,73;1,469;-1,882;3,663;-0,1581;1,058;0,773;6,041;0,917;0,727;0,197;0,1859;0,722;-0,055;2,401;2,864;2,769;2,084;-0,1468;0,886;1,683;0,753;0,779;0,093;2,487;401;237;0;210;10;54;0;16;25;131;12;1993;69;73;12;0;22;40;34;91;17;0;343;0;15;608;0;157,723192;9,027679632;0;333,5608789;11;12,73424382;0;0;4,762248859;38,09178873;31,63805921;29,47633052;48,01937878;78,00985337;0;0;12,5;33,72844888;33,25342913;54,92106274;23,73751348;0;67,40755805;0;50,85016403;79,18397059;0
47;37480;2;21;4;0,7341;-0,5264;-1,23;0,285;0,072;-0,815;1,15;0,551;-0,1507;0,591;-0,003;0,473;1,154;1,666;1,85;0,1579;1,558;2,075;1,644;1,707;1,885;0,568;-0,3749;0,216;0,176;0,954;1,579;2,447;0,272;-0,9033;-0,929;0,379;-0,059;0,041;-0,508;1,223;101;17;0;81;8;193;0;3;11;2;0;481;0;42;0;0;0;47;0;0;0;0;121;0;0;234;0;20,98019802;30,01609774;0;123,8338659;240;30,60604202;0;33;9,906606323;58,5;0;48,58303342;0;60,50374259;0;0;0;34,31111111;0;0;0;0;97,41992011;0;0;164,2363824;0
48;37702;1;20;4;-0,2055;-0,1349;0,268;0,075;1,079;0,123;0,739;0,551;-0,1619;1,37;2,104;-0,489;0,523;-0,121;1,85;-0,331;1,058;-0,795;3,017;1,443;1,003;0,197;0,1672;1,285;1,16;1,782;2,221;2,132;2,401;0,1046;0,653;1,121;1,997;0,523;1,419;2,861;135;277;0;0;0;367;0;2;144;152;0;1379;0;9;612;0;42;0;0;0;0;0;1033;0;4;0;0;22,32592593;9,453412449;0;0;0;12,05295697;0;0;2,887218069;34,91968777;0;32,61346502;0;60,8;11,10388447;0;51,12939961;0;0;0;0;0;84,7066002;0;2;0;0
49;37705;2;20;4;-0,5943;-1,2234;-2,583;-1,764;-0,455;1,842;-0,334;-1,755;0,7861;1,633;3,018;1,235;2,982;3,487;2,527;0,9005;5,329;0,288;6,041;2,248;2,513;0,568;-0,9141;-1,872;-0,958;0,7;1,579;0,563;0,544;-0,0249;-0,481;1,121;1,667;1,322;0,734;2,487;85;164;0;1381;47;47;0;8;71;16;0;1465;5;15;8;0;0;61;0;0;0;48;541;0;13;20;0;29,45882353;30,98110935;0;483,5460818;59,39564696;41,8865741;0;0;5,391839829;8,832320826;0;56,32893953;6;42,11986635;0;0;0;78,42858036;0;0;0;856,1743951;252,8130818;0;19,38290274;150,486955;0
50;38334;2;20;4;0,5569;0,8088;2,551;2,236;2,63;-0,572;1,36;1,255;-0,7047;-0,164;-2,687;-0,728;0,837;1,902;1,172;0,3769;1,818;2,824;-1,711;1,443;2,513;2,027;0,1311;0,722;0,656;2,749;2,864;1,816;1,768;0,4948;1,366;1,99;2,712;1,322;2,867;1,67;138;112;4;168;10;95;0;6;9;83;0;760;10;16;29;0;0;0;0;43;2;0;118;0;4;170;0;56,46376812;26,94899302;75;80,0165811;55,99020774;22,48954924;0;0;5,222657663;20,70847923;0;41,80246707;15,66666667;73,44011959;32,75009379;0;0;0;0;43,43108617;27;0;119,4487708;0;0;102,9920781;0
51;38841;1;20;4;0,6562;-0,8097;-1,488;-1,038;0,585;-0,103;0,739;-0,688;-0,189;0,591;1,283;-0,969;0,837;0,107;2,877;-0,0281;2,09;1,136;3,368;0,657;1,003;0,753;-0,4256;-0,447;1,687;1,22;1,255;0,283;1,768;0,3804;1,123;1,394;2,343;1,606;0,956;3,23;67;209;0;0;30;1363;0;75;80;967;0;1488;60;59;310;0;0;35;88;124;0;0;604;0;2;66;0;0;13,44967709;0;0;125,3503561;30,46372362;0;116,7118623;5,317411075;4,125052769;0;37,41987728;35,78842255;71,00422369;10,7261177;0;0;28,55209508;85,18086748;54,66403597;0;0;70,18367702;0;0;111,2286219;0
52;39133;1;36;3;-0,2902;0,6756;1,991;1,311;2,63;1,199;0,11;1,255;-0,6814;0,85;-1,002;-0,728;-0,636;0,107;1,85;-0,2255;2,09;-0,795;-0,999;1,18;1,584;0,94;-0,7212;0,462;-0,508;1,22;-0,193;1,175;0,272;1,5504;2,767;3,094;4,775;2,859;3,913;2,861;169;236;0;1055;34;121;6;6;15;23;8;378;2;33;101;0;0;22;0;7;0;0;234;0;2;671;0;119,6863905;13,65632417;0;184,1713451;115,4249041;23,12507077;40,22013759;0;3,621259183;21,39061239;43,91010023;24,73022399;0;42,51007946;8,105576026;0;0;16,97203361;0;70,33331935;0;0;91,6206954;0;0;68,83830905;0
53;39750;1;18;4;1,4896;-0,9453;-1,749;0,075;-0,19;-2,421;-0,565;1,255;-1,5658;-1,279;-3,407;-1,215;-0,636;-1,882;-0,051;-1,1547;-0,748;-1,549;-0,76;-1,691;0,727;1,332;-0,376;-1,451;0,656;3,62;0,067;0,862;2,084;-0,9255;-1,156;1,121;-0,059;0,779;-0,508;-0,538;76;1725;8;635;95;1178;26;30;1292;51;39;862;153;162;223;0;356;39;0;27;0;0;755;0;123;334;1;117,9473684;2,066491538;37,33334541;8,428931016;9,538364335;13,421554;2,872503014;51,72002429;3,534347088;19,10891631;54,63763671;8,591625919;31,96217454;29,08239166;21,49358221;0;109,7731205;22,02349704;0;33,1505251;0;0;32,34728115;0;4,169088089;37,44293571;397
54;39976;2;24;5;0,7257;-0,0475;-1,488;1,746;0,331;1,41;0,323;1,02;1,0249;2,178;3,018;2,631;3,682;1,438;3,663;0,6025;0,815;-0,321;0,591;3,204;4,313;2,027;0,8519;1,583;1,687;4,269;4,659;3,108;2,084;-0,1781;-0,705;0,379;1,997;0,779;0,093;2,861;276;192;9;83;33;206;0;13;56;54;0;1349;5;20;31;0;0;0;73;60;1;0;250;2;3;284;0;44,82246377;13,07624702;43,85005973;423,8535041;122,0791456;19,81681315;0;55,39511882;5,193358755;34,41087976;0;34,79303496;4;63,75785674;31,61371032;0;0;0;146,603153;67,31322978;8;0;110,2987926;50;2;138,3588771;0
55;40864;1;25;5;1,1163;0,4303;0,752;0,9;1,568;2,318;1,36;0,313;0,8545;2,178;3,018;1,235;2,982;1,215;4,158;1,6347;4,128;2,824;1,644;4,237;4,313;2,652;-0,2974;0,997;0,413;0,954;1,255;1,496;1,452;-0,1442;-0,481;1,683;1,997;-0,404;-0,112;2,861;305;347;0;47;33;52;0;130;21;173;0;2128;52;74;23;0;23;18;7;55;0;0;239;0;4;4;0;228,1606557;27,3119551;0;202;207,9771428;12,03689176;0;136,3542589;2,633831088;18,71810859;0;22,38773224;19,12587729;64,31930081;4,392009571;0;7,520007736;176,0464792;96,75;40,42959162;0;0;88,28547188;0;0;0;0
56;41883;1;27;5;0,4087;-1,5321;-0,974;-2,303;-1,252;-1,063;-0,565;-1,484;-0,2597;1,37;-0,499;1,498;1,777;0,554;-0,051;0,8914;3,511;0,288;6,041;2,248;3,692;0,94;-0,2629;1,889;-0,055;1,22;1,902;0,283;1,768;-0,4688;-0,032;0,154;1,667;-0,404;-0,312;2,487;618;1397;20;22;221;853;13;230;1100;180;3;2733;38;127;279;0;7;23;45;12;2;67;1067;11;99;255;0;91,45469256;9,555894231;46,73848231;126,6162114;9,765227954;13,94041939;10,4760266;53,06306362;5,019853076;6,368620898;20,95005569;13,62429205;36,77329511;63,11027402;12,22343817;0;5,485018258;14,9657506;39,9114419;27,43407826;131;15,47434518;52,32875844;42,96574922;15,92155358;26,51113534;0
57;42719;2;26;4;0,6243;-0,127;-0,222;0,492;0,834;1,41;-1,296;1,255;0,2496;0,85;2,391;2,043;1,469;0,107;2,527;-0,5848;1,058;0,288;1,644;-0,331;0,464;0,568;0,0669;0,722;-1,427;2,082;1,255;2,769;3,915;-0,3595;-1,156;0,615;0,753;2,517;1,184;0,389;113;227;12;10;93;332;0;80;37;296;5;1848;57;132;68;2;49;21;165;128;0;0;400;40;66;12;0;19,16814159;29,31556468;63,44444444;897,4444444;165,0247607;30,08939912;0;106,6480401;5,852808177;22,88166326;44,91010023;44,60897006;50,86576218;69,24430794;17,84650042;4;83,36984404;61,23893289;28,81750795;44,11879962;0;0;91,3301266;24,98701879;35,64563897;123,6;0
58;43225;2;30;4;0,4939;-0,0109;-0,222;0,492;1,323;0,345;0,533;1,255;1,1506;3,159;2,692;1,498;3,682;1,666;4,827;0,5282;2,699;0,773;4,838;2,248;2,513;0,568;0,9729;2,207;2,898;4,269;3,206;1,816;4,54;1,122;1,615;1,99;4,775;1,606;1,419;4,513;96;303;0;447;32;232;0;30;16;154;15;1843;0;33;9;0;0;0;55;0;0;5;382;6;19;776;0;4,0625;13,84350809;0;356,4911851;61,03919445;28,41402921;0;10,95505012;3,331535753;17,460053;50,18181818;27,77813924;0;46,4747372;1;0;0;0;70,87319401;0;0;2;90,78980158;9;63,02752122;66,82189018;0
59;43639;1;23;4;-0,3345;1,1739;2,87;2,52;2,073;1,623;0,944;2,263;0,485;1,901;0,5;2,96;2,673;2,151;1,85;0,0524;1,818;0,606;3,755;2,248;1,003;0,197;0,9404;2,541;2,251;4,269;2,221;3,108;3,915;-0,2812;-0,705;0,615;1,351;0,779;0,302;2,487;62;68;0;0;13;45;0;0;729;56;0;653;4;13;150;0;0;0;0;17;0;0;27;6;3;141;0;38,88709677;16,69507981;0;0;59,5645531;19,82615302;0;0;8,22876124;34,04869912;0;37,28746033;0;44,21010701;35,47648931;0;0;0;0;52,75;0;0;33,38537012;0;2;70,28571949;0
60;44703;2;19;4;0,7233;1,3899;1,732;1,746;3,765;1,41;1,36;4,318;1,5418;3,159;4,447;2,631;4,129;2,419;4,827;0,2908;2,699;0,288;1,28;1,18;3,235;0,753;1,0466;2,901;3,288;3,144;4,659;3,485;2,084;1,015;1,875;1,99;4,775;1,606;0,093;4,513;354;278;0;29;96;128;0;0;20;141;17;2841;18;49;27;46;0;65;11;77;5;0;227;0;0;670;0;72,10169492;18,22090803;0;103,4176667;92,09519287;25,39864753;0;0;2,996861063;22,30023245;111;28,21164288;50,28017559;50,70458477;12,69084457;3,457952508;0;10,92530237;110,6059822;41,73580354;22,66667561;0;50,17299971;0;0;65,3263597;0
61;45244;1;22;4;1,4571;0,5817;1,482;1,981;2,63;-0,335;-0,565;2,263;-0,4205;0,85;-2,374;0,228;-0,359;0,995;3,663;1,1429;4,128;0,444;1,644;2,537;3,692;3,076;-0,4599;0,722;0,413;1,22;-0,193;0,283;2,726;0,4405;1,366;1,121;1,667;3,705;1,664;2,094;150;3859;8;2893;218;184;14;8;3661;180;9;2602;17;49;94;0;28;2;34;31;0;38;192;11;21;178;0;13;0;0;71,49655799;203,3541808;11,58993526;31,54605781;0;2,72348185;3,890978211;54,42857143;14,52561515;10,59200979;54,58823529;7,924092907;0;32,1813026;0;84,41252371;31,53303993;0;17,88002767;43,53505036;6;14;26,26981924;0
62;45452;1;27;5;1,7293;0,168;0,024;2,52;0,834;-1,063;2,038;0,551;-1,197;-1,279;-0,003;-2,297;-1,456;-1,337;1,511;-0,6026;1,558;-0,169;-1,235;0,15;0,464;0,753;-0,5325;-1,05;1,687;3,144;-0,923;-0,463;2,401;0,0271;-0,481;1,394;1,997;2,517;2,202;-0,264;140;408;0;29;157;272;0;0;70;58;0;1284;76;4;0;0;9;1;0;72;0;0;460;0;86;25;13;217,7857143;19,49548513;0;717,164821;45,58075769;23,21658321;0;0;5,2936474;20,09710407;0;23,86854241;64,14224697;112,3869491;0;0;99,34033182;4;0;40,28229235;0;0;104,8916934;0;84,00791815;51,9845269;168,1472676
63;46655;2;20;5;-0,4407;-0,2262;-0,721;-0,139;0,585;1,199;0,944;0,551;0,4679;2,472;3,018;-0,252;2,078;1,438;2,527;0,6994;1,818;1,136;2,68;2,849;2,854;2,027;0,7265;0,997;1,687;4,269;4,04;3,108;2,084;0,1948;-0,257;0,615;3,558;-0,186;1,419;3,23;330;256;0;0;2;46;0;0;16;126;2;2719;14;13;0;0;0;11;0;15;0;0;32;0;0;774;0;74,58181818;21,7157995;0;0;15;13,00108295;0;0;3,300916763;20,24200262;29;32,03339114;100,1138698;49,75606355;0;0;0;94,68813054;0;43,38461884;0;0;61,68939487;0;0;154,8518615;0
64;47702;2;22;4;0,9043;-0,1752;-0,47;0,696;2,073;1,199;-0,109;-1,216;0,0828;0,85;0,757;0,228;1,469;0,995;3,249;1,1643;2,699;2,406;6,041;4,237;2,854;1,132;0,1914;1,583;2,251;3,62;1,902;0,283;2,084;-0,1387;-0,257;1,121;0,753;1,606;1,184;2,094;350;412;0;0;28;60;1;8;3;53;0;1550;2;16;17;0;0;1;0;0;0;0;180;0;4;163;0;92,65428571;4,448653656;0;0;101,2217109;24,44730752;2;0;2,961000129;9,011514783;0;32,37280708;0;21,19600318;8,483353199;0;0;52;0;0;0;0;58,71374918;0;0;74,03520951;0
65;47704;2;22;4;0,2701;-0,0901;-0,222;0,696;1,817;-1,316;1,36;0,786;-1,0883;-0,164;-2,374;-0,252;0,837;-2,496;0,225;-0,6093;0,815;1,136;1,644;-0,563;1,003;-0,186;0,2909;0,997;1,687;2,749;1,902;2,447;2,401;-0,5941;-1,87;0,379;1,667;0,277;-0,112;1,223;86;146;0;245;60;118;0;12;51;50;0;1018;20;30;8;0;0;2;2;0;0;0;290;0;25;444;0;43,06976744;5,39022902;0;89,49541884;282,2690514;45,52710186;0;0;3,174855064;37,04507572;0;13,86367048;270,7152209;49,32622047;0;0;0;8;0;0;0;0;62,0479149;0;15,61875072;24,95670383;0
66;47878;2;22;5;0,5095;0,8866;1,236;1,981;1,817;1,623;2,59;1,494;0,5911;3,159;3,387;1,767;2,078;-0,59;2,527;0,6796;2,699;0,773;2,345;1,443;4,313;1,332;0,8695;2,541;1,687;2,082;3,586;3,108;4,54;0,3139;-0,257;1,683;1,997;2,859;0,516;2,487;149;128;0;88;164;331;0;60;42;67;0;1855;0;48;47;0;0;0;0;175;17;0;328;5;0;454;0;96,2147651;9,98520318;0;113,0402814;208,0239571;20,64059569;0;49,8730157;3,273859799;22,66969832;0;16,67161376;0;52,83368146;16,40527966;0;0;0;0;24,54004286;24,70588235;0;68,15970695;35,39011099;0;59,96832666;0
67;48097;1;28;4;0,8435;0,0697;-0,47;1,104;1,323;1,623;0,323;0,313;0,5429;1,37;-0,003;1,767;3,312;2,419;3,249;0,8693;5,329;-0,169;0,284;2,849;3,692;0,753;-0,5749;2,541;-0,732;-0,221;1,579;0,283;0,544;-0,7836;-1,156;0,379;0,753;0,523;-1,273;1,223;735;286;0;0;42;139;0;79;377;73;0;1941;24;140;37;0;0;17;17;22;19;0;557;0;22;10;0;85,67755102;24,46967571;0;0;77,99170658;24,03332462;0;80,16043215;5,787132248;11,35680411;0;20,48074575;72,30810814;84,91091688;17,65667287;0;0;40,21428571;36,99016433;36;15,36842105;0;54,20892028;0;11,51540818;0;0
68;48290;1;19;4;0,2423;0,5762;1,482;0,285;1,817;2,072;0,944;1,739;1,1019;1,633;3,387;2,329;2,673;5,27;3,249;1,5891;2,381;2,406;1,28;4,237;3,692;4,863;-0,2013;1,285;0,905;0,455;1,902;2,132;0,834;-1,245;-2,132;-0,466;-0,54;0,277;-0,892;0,785;82;659;129;0;107;138;0;15;141;170;1;6448;976;64;211;0;0;39;48;51;31;0;461;3;98;2341;0;1,5;13,25702004;45,85597921;0;65,85168895;35,26645003;0;61,83333333;3,292810551;19,46299376;4;36,89056318;83,60818403;47,84167568;12,12052074;0;0;33,61556872;116,3482145;45,09545608;21,25932348;0;60,10988515;3;32,26199342;36,91394385;0
69;49459;2;19;4;0,9253;0,251;0,268;0,492;1,323;2,072;0,944;0,786;0,8248;1,11;1,826;1,767;3,312;1,666;4,827;-0,4254;-0,539;-0,965;-1,235;0,917;2,193;1,774;1,375;2,541;4,42;4,269;5,857;3,108;2,726;-0,9876;-0,032;0,862;-0,059;-0,186;-0,112;-0,538;116;39;0;13;23;24;0;90;2;27;1;1233;1;4;39;43;0;0;252;53;2;0;31;0;2;218;0;71,56034483;28,15882348;0;501,7142857;165,7201364;17,67203332;0;250,5290548;6,238977228;6,825283752;929;63,41340517;108;231;19,31718637;14,98422312;0;0;25,06031932;86,92632335;62,5;0;93,0779959;0;0;262,2217983;0
70;50708;2;26;4;-0,4214;-1,9955;-2,016;-2,025;-4,553;-2,421;0,11;0,071;-1,976;-0,401;-2,08;-0,969;-2,017;-3,249;-3,233;-1,0514;0,114;0,606;4,215;-2,745;-0,853;0,94;-0,6234;-1,05;-0,055;1,22;-0,685;1,175;2,726;-0,3104;-0,929;0,154;2,343;-1,435;2,202;2,487;79;188;0;0;15;146;0;12;10;71;0;860;7;10;5;0;0;7;0;0;91;0;300;0;24;8;0;8,101265823;6,468410783;0;0;39,31441405;21,94088151;0;5;10,13201733;22,17900716;0;8,8287606;2;42,39117105;6;0;0;5,326673722;0;0;17,54884201;0;52,58080133;0;6,42857221;4;0
71;51117;1;23;4;2,3534;0,4933;1,236;1,524;2,342;1,41;-0,565;1,02;0,1131;-0,401;1,018;1,498;2,375;1,902;1,85;-0,7954;-0,539;-1,784;-1,472;1,974;0,727;0,384;-0,5742;0,997;-0,283;1,495;0,936;0,563;0,272;-1,7899;-1,386;-1,204;-1,189;-0,404;-1,468;-1,02;171;2560;297;696;170;323;11;8;2289;210;39;2258;11;112;84;0;107;58;31;0;0;0;1659;9;11;28;6;222,4853801;7,054667327;30,21854959;85,79934759;12,59953153;15,3991491;2,996008201;13;4,576222343;5,723293188;14,02246366;12,2232771;15,28571429;14,62749879;2,962086889;0;24,41380038;6,220522449;186,0958698;0;0;0;44,63040605;26,70411061;1,298002423;39,14938853;0
72;51247;1;21;4;1,0024;-0,0148;0,51;1,104;1,568;1,623;-1,045;-0,688;-0,1731;2,793;2,104;-1,73;-0,909;0,554;2,527;-0,3823;1,818;-0,169;2,68;1,18;-0,018;0,197;-1,5984;-0,851;-1,189;-0,828;-1,395;-1,132;-0,226;0,0463;0,422;0,862;1,351;1,322;1,923;2,487;174;187;42;545;97;96;0;1;8;101;3;1826;18;36;9;0;0;8;15;61;0;111;61;15;0;0;9;72,6091954;14,62171784;42,43628169;145,5291747;42,1719883;29,94190933;0;2;3,555230552;24,67910906;30;34,12479307;114,4354827;50,65;16,64002782;0;0;0;138,1562111;43,84745763;0;145,4211315;58,30771018;26,20505059;0;0;103,365165
73;53122;2;28;5;0,656;0,6027;0,752;1,311;3,315;0,988;1,36;0,551;0,0131;3,159;2,692;-0,969;-0,909;0,332;2,877;0,4474;2,381;1,798;3,368;2,537;1,29;1,132;0,1776;-0,016;2,898;2,749;1,255;1,816;2,726;0,6947;0,422;2,684;1,667;2,517;0,956;4,513;32;122;0;5;0;140;0;144;15;80;0;963;2;24;67;0;60;14;0;38;0;0;117;0;1;0;0;258;32,60859723;0;234,75;0;20,69583616;0;15,63613612;5,497845425;40,72296122;0;33,75795647;0;89,25614162;33,23986868;0;244,8622699;298,9103492;0;55,08965347;0;0;171,9285959;0;12;0;0
74;53503;1;32;4;-0,1564;-1,2092;-0,721;-0,807;-1,252;-0,815;-1,045;-0,951;-0,4628;-0,164;1,018;-0,013;1,154;0,332;0,225;-0,5985;0,343;0,288;0,591;0,917;0,727;0,008;-1,2186;-0,236;-1,189;-0,221;0,341;0,02;-0,899;-1,4083;-0,257;-0,061;-0,305;-1,027;-0,701;-1,02;1011;314;0;0;9;57;0;0;6;74;0;2318;0;5;40;0;0;0;0;0;9;0;109;0;0;49;0;74,69732938;23,58519616;0;0;10;15,96004895;0;0;5,827017401;26,42039784;0;10,89754814;0;37,82687178;9,664302884;0;0;0;0;0;13,29338201;0;74,19294637;0;0;23,54819345;0
75;54633;2;18;4;0,5404;-0,0755;0,268;0,285;0,331;0,776;0,944;0,786;0,1472;1,11;2,104;0,976;1,777;0,995;1,511;-0,6291;-0,326;-0,475;1,644;1,443;0,727;0,008;-0,0308;0,722;1,16;0,954;1,902;3,108;1,139;-0,6465;0,194;0,379;0,753;-0,616;0,956;1,223;1055;343;9;4;70;251;0;48;45;238;18;4599;4;84;123;0;0;110;8;60;5;18;524;2;99;2999;0;43,36113744;20,55907162;5,333333333;381;142,1982564;33,51869357;0;44,17082393;3,007555315;29,94550278;73,25261738;16,57406024;0;49,24001552;35,76983077;0;0;34,10795983;7,788014535;40,30102708;13,6;48,92879567;70,21218699;0;20,4918352;39,12572833;0
76;56351;2;23;4;0,711;-0,8136;-0,974;-0,807;-1,252;-1,316;1,799;0,786;-1,0514;2,472;-2,08;-0,252;-0,636;-1,337;-1,222;0,1059;4,128;0,949;6,041;-0,094;0,216;0,568;0,5131;0,216;3,288;3,144;1,255;2,132;4,54;0,2736;-0,705;0,379;2,343;1,898;0,516;4,513;13;141;0;603;13;115;0;14;23;73;0;919;4;10;21;0;28;1;9;30;0;34;117;22;12;9;0;920,2307692;12,44648361;0;129,5215037;324;100,3124197;0;0;2,866634808;16,5456379;0;19,86704896;0;65,5;21,22222222;0;26,52280874;48;23,66010319;69,44796075;0;32,87604248;53,61386733;30,82504753;14,16667286;62;0
77;57679;1;19;4;0,9055;-0,6083;-1,488;0,492;0,331;0,345;0,11;-0,688;-0,9546;0,082;-0,003;-0,489;-0,359;-2,847;0,84;-0,7717;0,114;-0,169;0,591;-0,094;0,464;0,568;-0,5691;-0,236;0,176;1,495;1,255;0,283;1,139;-1,2251;-0,481;-0,466;-0,54;0,041;-0,892;0,389;90;287;0;384;90;88;0;0;18;33;0;5468;239;23;159;0;0;52;0;114;0;15;1292;0;2;41;0;29,54444444;12,36088803;0;133,9925908;100,8179651;22,29818687;0;0;2,113905912;15,25657518;0;41,39059785;11,8427326;62,74004529;14,07894733;0;0;23,89335318;0;47,60405551;0;48,22863246;94,41954079;0;0;31,59277671;0
78;58173;2;24;5;0,5107;-0,3596;-0,721;-0,357;0,585;0,123;1,575;0,313;0,4585;2,178;1,283;0,473;1,777;1,215;4,158;0,2612;-0,108;-0,321;4,838;2,537;2,854;1,332;1,0653;2,541;0,905;3,144;4,659;3,936;3,915;0,8024;1,615;1,683;3,558;0,779;1,923;4,513;98;106;42;0;14;44;0;2;3;59;4;1170;4;86;14;0;154;7;0;152;0;0;118;4;14;0;0;50;9,911272945;44,01688563;0;14,96337815;15,39473684;0;0;3,071498352;21,84403488;0;23,50859301;0;67,0330006;5,975027843;0;123,3671744;39,62004622;0;36,29199533;0;0;56,57880771;0;20,98364966;0;0
79;58444;2;21;4;0,8868;-0,1844;0,51;0,492;0,331;-0,103;0,533;0,551;-0,8661;0,591;-0,003;-1,215;-0,359;-1,603;0,84;-0,7987;0,576;0,134;1,28;-1,013;0,727;0,197;-0,4911;-0,651;1,16;1,22;1,902;0,283;1,139;-0,9867;-0,705;-0,268;0,2;-1,23;1,419;0,785;217;211;0;9;12;176;0;43;30;228;0;3807;4;173;28;0;1;0;7;0;0;0;674;0;11;6;0;85,25345622;14,37273448;0;10;61,05613699;26,28092419;0;160,8004791;3,00456322;17,17046721;0;27,37953512;0;55,66939538;13,98455757;0;34;0;28;0;0;0;87,62889306;0;27;17;0
80;61577;2;24;5;0,8584;0,367;0,51;1,311;2,073;-0,335;1,799;1,255;-0,3048;0,85;1,283;-0,728;0,837;0,554;1,172;-0,4966;-0,326;-0,169;0,001;0,917;1,885;0,568;0,4091;0,722;1,963;3,62;3,206;2,132;1,768;0,5376;-0,032;2,321;2,712;1,046;2,511;2,861;269;218;0;101;15;104;0;39;8;503;0;3669;8;42;4;0;0;5;3;48;23;0;308;0;3;1087;0;297,6022305;14,9601518;0;16,11491854;68,67508971;5,074362699;0;34,5978851;2,489836512;13,85600986;0;33,87313771;4;67,7614793;0;0;0;34;4;58,13916318;24,07163399;0;40,07023098;0;1;37,59674276;0
81;62245;1;24;5;0,4346;0,7803;1,236;1,981;2,073;1,199;1,36;1,739;-0,6752;0,591;0,5;-0,013;-0,074;-1,603;0,84;-0,4597;-0,539;-1,549;0,001;2,248;1,29;1,132;-0,1567;0,722;-0,055;2,401;1,579;2,447;0,544;-0,245;-0,705;1,394;0,2;1,898;1,664;1,223;135;183;7;0;8;125;0;6;81;42;0;1137;0;50;6;0;0;0;26;63;0;0;233;0;0;433;0;19,58518519;16,65768077;110,3003706;0;22;20,84957791;0;3,163337044;4,725880146;18,49191291;0;29,56241028;0;61,71218749;0;0;0;0;45,8595486;63,91561108;0;0;104,8605322;0;0;101,3661508;0
82;62574;2;20;4;0,9814;0,2139;-0,222;1,524;1,817;0,123;0,739;1,255;0,0539;2,472;1,553;-0,489;0,837;-1,337;3,663;-0,9011;-0,108;0,444;1,28;-0,331;0,216;-0,186;-0,5124;0,722;-0,732;1,495;1,255;0,283;1,452;0,5197;1,123;1,121;2,712;1,898;0,734;4,025;113;151;0;321;80;156;0;6;5;132;0;2364;6;21;185;47;0;0;0;24;13;22;639;0;4;386;0;71,81415929;13,05913239;0;517,7627879;121,5877248;23,36890375;0;0;3,291412155;48,83300992;0;40,79150375;0;109,072235;28,88554722;9,072442707;0;0;0;91,66146329;18,23667259;80,55399781;112,9626385;0;0;36,84892073;0
83;65400;1;21;4;0,7566;-0,4887;-0,974;-0,58;1,079;1,199;-0,109;-0,43;0,3735;1,11;1,553;0,473;2,673;2,151;2,527;0,8886;2,699;0,773;2,68;2,537;4,313;1,545;0,2088;2,207;1,16;1,782;2,864;0,862;2,726;-0,0576;0,886;0,862;1,667;1,046;0,302;2,487;28;293;6;199;17;281;0;0;19;385;80;4621;143;66;39;0;33;22;0;105;13;0;727;0;9;1659;0;12,07142857;13,04420986;37;188,9388166;276,625;19,02467348;0;0;3,147827966;24,34443328;50,90627449;32,09930514;193,6238211;51,18379042;15,12230702;0;11,25762698;97,41915544;0;36,78401985;6,537799061;0;97,61678278;0;1352,464837;134,4981182;0
84;65403;2;26;4;-0,3376;0,6847;0,993;0,492;2,63;1,842;1,575;1,739;1,1272;1,901;4,447;4,407;3,312;0,554;3,249;0,4532;0,343;0,949;2,68;2,248;3,235;2,027;1,5969;2,901;4,42;3,62;5,857;5,747;2,084;-0,4152;-0,481;1,683;1,047;1,606;0,734;-0,788;318;292;0;0;6;99;0;141;56;49;5;2218;4;32;14;6;0;2;0;18;0;0;117;23;4;4;0;230,4150943;19,37613057;0;0;122;29,57088016;0;177,7527577;15,32407372;29,21780935;246;46,81800035;0;117,7873527;12,39835378;46,9051058;0;86;0;50,41275988;0;0;123,271596;60,6118756;0;25;0
85;65493;2;24;4;1,263;0,21;0,993;0,9;1,079;0,776;1,36;0,313;0,1029;1,633;1,553;0,976;1,777;1,438;0,84;0,7524;2,699;1,136;3,017;1,974;2,854;2,314;-0,2456;1,285;-0,055;1,495;0,63;1,496;2,084;0,6758;1,123;1,99;2,712;2,517;1,184;3,23;832;180;0;0;13;61;0;4;28;141;0;1808;4;60;21;0;0;14;0;2;75;0;64;0;2;7;0;143,9975962;18,81383373;0;0;38,33333333;41,18775353;0;0;6,894320983;38,79066327;0;15,20409134;21;90,42929517;10,09090909;0;0;97,71428571;0;0;29,73018094;0;51,80378979;0;0;6;0
86;67174;2;20;4;0,9317;-0,2274;0,024;-1,038;1,079;1,623;-0,802;1,255;1,394;1,633;4,447;2,96;4,744;4,086;2,877;-0,4826;0,815;0,134;1,28;1,974;0,727;-0,784;-0,5044;1,583;0,176;-0,004;2,539;1,496;-1,114;-0,7315;0,422;1,121;0,2;0,041;-0,112;0,389;372;1082;0;603;32;380;24;4;658;439;0;7765;42;184;38;50;0;1;38;0;105;0;590;8;108;3800;0;47,77956989;1,897833104;0;132,8626071;93;22,68726048;1;0;2,24630239;11,02873037;0;14,72791952;15,67488005;39,5350776;6,170653415;1,632245487;0;12;1,465628676;0;13,33776609;0;37,53105067;0;13,05772015;25,55253229;0
87;67671;2;21;5;0,293;-0,7211;-0,721;-0,58;-0,72;1,41;0,739;-1,484;0,3873;1,633;3,387;0,228;2,673;0,554;1,85;1,1289;3,511;0,134;4,838;2,849;4,313;1,774;-0,0898;0,997;1,16;2,749;2,539;0,283;1,139;-0,1562;0,194;0,615;1,667;1,046;1,184;1,67;49;157;4;2;9;44;0;11;8;110;0;1268;8;95;74;0;2;18;37;121;0;44;609;3;4;6;0;0;29,02573825;0;0;79,2;16,18747824;0;20;4,974101072;20,48993405;0;30,95109746;0;72,46712755;8,454677052;0;0;66,98652298;15,64001157;54,30376207;0;19,58197096;55,57508929;53;0;0;0
88;67826;1;25;5;0,9174;0,4865;0,268;1,311;1,817;0,988;1,15;1,994;-0,1509;0,591;0,247;0,976;1,777;0,775;1,172;-0,779;-0,539;-1,338;0,591;0,917;1,29;0,008;0,1799;2,207;2,251;2,749;0,936;1,816;1,452;0,1776;-0,929;1,121;1,997;1,898;2,867;1,67;248;181;33;0;14;138;0;11;52;211;8;2184;2;66;17;0;0;60;79;16;28;130;26;0;10;294;0;405,4717742;18,82045624;47,17777032;0;159,2343156;38,11031085;0;2;4,841989521;22,51933846;45,42208693;27,36640963;0;46,69819417;8,635720101;0;0;38,67892843;51,11295218;57,54757967;43,16353795;68,09365971;74,62491067;0;35;88,57897543;0
89;67851;2;25;5;0,1266;-0,6418;-1,23;-0,139;-0,19;0,345;1,15;-0,688;-0,1679;1,11;1,018;0,976;1,469;-0,121;0,84;-1,013;-0,956;-0,795;3,368;-0,094;0,464;-0,582;0,1714;-0,016;2,559;2,749;3,206;1,175;1,768;-0,7287;-0,032;-0,061;0,471;0,041;0,516;1,223;85;243;0;0;22;87;0;10;2;56;17;1382;20;33;6;0;0;0;0;59;0;38;270;0;2;614;0;0;6,170292089;0;0;51,13231581;24,72123758;0;0;2,389756828;29,98643297;72,35671677;15,64207301;27,1875;78,37433736;0;0;0;0;0;52,92824621;0;39,50720244;65,48846582;0;0;29,55399562;0
90;69148;2;27;4;1,3434;-0,285;-0,47;-0,139;1,079;1,199;-0,109;0,071;0,1435;2,178;0,757;0,976;0,837;0,775;2,877;-0,1213;1,818;0,949;2,345;0,401;1,885;0,197;-0,3962;0,462;0,656;0,7;2,221;1,175;0,544;-0,3104;-0,481;0,379;1,667;-0,186;0,516;2,861;143;194;31;138;16;182;0;10;51;255;25;2256;7;36;13;0;27;5;37;79;0;0;152;6;18;369;0;0;10,16475461;91,73194361;121,6946378;45,16666667;16,92015612;0;0;3,137911281;24,17552363;109,7333333;32,51168782;8;72,56671661;2,280005711;0;39,38800471;5;27,58714988;54,88468188;0;0;76,067884;0;51;70,69561987;0
91;71825;1;20;4;0,7417;-0,5454;-1,23;0,285;0,072;-0,572;1,575;-0,177;-0,7452;0,334;-0,499;-0,489;0,219;-0,832;0,84;-0,6354;-0,326;-1,338;2,001;0,401;1,885;0,197;0,5029;2,207;2,251;3,144;1,902;1,496;3,455;0,1857;-0,257;0,615;2,343;1,322;1,923;2,861;33;390;0;31;46;248;0;8;2626;60;1;953;2;55;206;0;0;31;0;0;0;8;505;363;12;775;0;24,72727273;11,08528967;0;159,6624632;542,9875184;15,69205826;0;0;2;16,77834318;0;18,97351656;0;44,1942031;10,52516655;0;0;24,42251498;0;0;0;58,875;73,16844266;27,641778;28,61339779;67,85431142;0
92;71826;2;22;4;0,6379;0,3624;0,024;0,285;2,63;1,623;1,799;0,551;0,2571;-0,164;1,826;2,043;3,682;-1,882;2,877;0,2583;0,576;-0,632;0,284;1,707;3,692;2,314;1,1444;2,207;4,42;3,144;4,04;2,447;4,54;-0,7242;-2,132;1,121;1,047;1,046;-0,508;-0,264;241;177;0;4;125;339;0;13;34;25;16;1549;9;117;18;0;0;66;29;9;0;0;271;0;7;165;0;29,53941909;19,44118719;0;0;40,22055446;50,57077655;0;122,2883825;5,331580793;23,20637329;57,02608998;29,91431137;29;60,42507975;30,95005184;0;0;45,82318979;32,3033769;66,66666667;0;0;76,31537752;0;112;48,61076887;0
93;71978;2;26;5;0,539;0,5338;0,268;0,492;2,342;2,914;1,36;0,786;1,8764;5,413;4,447;3,786;4,129;2,419;4,827;1,4335;3,064;2,406;4,215;4,237;3,692;2,314;0,9274;3,304;1,421;2,749;5,857;2,769;2,084;0,6638;2,444;3,094;2,712;0,277;-0,112;4,513;311;132;0;355;0;192;0;62;16;226;0;1831;4;56;1;0;2;0;0;50;0;0;382;0;0;293;0;110,244373;18,88695846;0;350,1601633;0;24,54441099;0;104,3354895;3,32576609;15,07678467;0;34,78567095;0;32,95492697;22;0;70,5;0;0;39,78781993;0;0;42,34412442;0;0;56,84394098;0
94;72706;2;19;4;0,8702;-0,6814;-0,974;-0,357;0,585;0,776;-0,565;-0,951;-0,2833;2,178;2,104;-2,005;0,837;-0,59;1,172;0,4416;2,09;1,798;3,368;1,707;1,885;1,545;-0,5408;-0,447;-0,055;0,221;3,206;0,563;0,834;0,9425;3,589;1,394;3,112;2,517;0,956;4,513;128;276;1;19;41;99;0;16;91;214;0;1699;27;20;16;0;0;95;10;119;0;0;708;28;32;10;0;76,8671875;12,44325638;5;42,76923077;142,7175666;11,08054287;0;29;3,632396596;28,16635371;0;49,46034096;18,79430432;57,125;11,3385935;0;0;34,26932067;60,93006479;62,97513261;0;0;77,33096881;86,84785464;89,61492276;0;0
95;73284;2;24;5;1,1517;-0,9866;-1,23;0,285;-0,19;-1,843;0,323;-1,216;-1,7403;-1,698;-1,002;-1,73;-1,734;-1,882;-1,655;-0,8116;-0,326;-0,475;-0,264;0,15;1,584;-0,186;-1,277;-1,658;-0,508;0,221;0,067;-0,691;0,016;-0,7546;1,366;-0,658;-0,059;1,046;0,956;0,389;50;310;0;3;9;88;0;4;43;29;0;849;18;35;10;0;9;32;0;26;17;0;102;0;63;0;0;0;37,3362985;0;252,7414033;12;25,34536702;0;0;19,46136154;17,46323273;0;61,7779256;54,19224534;40,44876485;130,6;0;20,85714437;186,1338327;0;80,29066147;12,97431635;0;105,4545636;0;109,0188679;0;0
96;73858;2;22;4;0,3459;-1,1705;-1,488;-1,038;-2,075;-1,843;2,299;-0,177;-0,9128;0,85;-0,749;-0,728;0,523;-0,832;-1,005;-0,0257;1,305;0,606;2,68;0,917;2,193;0,568;0,8326;0,462;3,765;4,269;4,04;2,132;3,071;-0,0184;1,123;0,154;1,997;1,606;0,302;2,487;130;745;0;42;186;35;0;10;148;111;8;1286;5;23;2;0;0;3;8;28;9;0;352;0;4;1177;0;184,1461538;14,12244822;0;442,7481789;279,2318886;20,56243782;0;0;2,637792878;36,96228874;60,45727061;23,90204375;6;55,97457567;0;0;0;2;36,5;58,29167341;25,55555556;0;66,95277564;0;0;62,35287959;0
97;73968;2;19;4;0,1788;0,4907;0,024;0,492;1,323;2,593;1,575;1,994;1,4156;4,217;4,447;2,96;3,682;0,775;4,158;0,7878;1,818;1,554;6,041;3,204;2,854;0,94;0,9502;1,583;2,251;4,269;4,04;3,485;2,726;0,2126;0,194;1,394;1,997;1,606;-0,112;3,611;105;2130;2;8;240;734;0;11;1598;1257;30;5383;64;75;87;294;3;65;9;70;38;0;946;20;121;687;0;24,98095238;5,250626666;1;0;49,31526816;22,29202448;0;0;2,900576305;14,14434844;205,2108798;29,30710795;60,01638114;35,22626149;10,68551297;64,62607465;2;15,49760972;73;47,76753518;7,917440296;0;65,96712612;213,3371232;1,741676442;84,99214435;0
98;74356;1;19;4;0,4926;0,2729;0,752;0,696;0,585;0,776;1,575;1,739;0,1005;0,85;1,553;2,329;1,154;0,995;1,511;0,2022;1,558;0,773;-1,235;1,974;2,854;1,332;1,1467;2,541;3,288;3,62;3,206;4,552;3,071;-1,1705;-1,156;0,379;-0,059;0,041;-0,892;-0,538;43;151;0;0;39;254;0;0;1999;114;0;1671;38;19;228;0;0;0;0;78;22;0;111;0;0;0;0;51,04651163;89,69932339;0;0;46,62719934;24,40359447;0;0;2,755179227;24,1324648;0;38,87196929;27,6250353;47,41666667;18,64920798;0;0;0;0;52,76769424;12,63601671;0;82,38479163;0;0;0;0
99;76030;2;27;5;0,9759;-0,5337;-0,222;-1,038;-0,455;-0,103;0,11;1,739;-0,6146;-0,164;-0,003;1,498;1,154;-0,121;-1,005;-0,358;0,576;-0,965;0,001;1,443;1,584;0,94;0,1753;0,997;1,963;1,782;1,902;2,447;2,084;-1,4579;-3,086;0,615;-0,305;-0,404;-1,082;-1,239;75;223;0;0;10;306;0;97;24;273;0;3518;4;144;395;0;0;4;0;0;0;0;1001;0;6;557;0;32,96;9,140533158;0;0;0;4,098828152;0;9,507027969;2,480491574;32,72182132;0;29,85066366;0;30,74690714;2,529880845;0;0;28,5601286;0;0;0;0;73,88792625;0;2;35,97496721;0
100;77267;1;22;3;-0,1248;0,4044;0,752;0,9;1,817;1,842;0,739;0,786;0,1859;0,85;3,018;0,976;0,523;1,215;2,527;-0,538;0,815;-0,795;0,284;1,18;1,003;0,197;0,0682;1,583;1,16;1,495;2,221;2,447;1,139;-0,4958;-0,929;-0,061;1,047;0,277;0,516;2,487;605;361;82;12;73;82;0;38;7794;214;311;5264;96;47;300;0;6;6;320;42;53;2413;631;0;7;2461;0;29,92396694;10,68947322;44,88361737;154,1203583;95,01866334;22,36457774;0;91,14481615;3,24073577;19,69936185;33,9541966;23,04144441;69,5017948;41,06666667;17,28213546;0;31,33333333;29,5;45,94342135;38,38467378;4,833471543;24,64933932;43,08903453;0;76,66666667;32,03129091;0
101;77598;2;23;4;0,162;-0,6915;-1,749;-0,58;0,834;0,562;0,739;-0,951;0,1149;2,793;2,104;0,228;1,777;-0,832;1,511;0,039;2,09;1,136;6,041;-0,094;1,29;0,753;-0,0022;-0,236;1,16;3,144;2,539;0,563;2,401;1,7442;2,767;1,99;6,045;2,517;1,184;6,402;522;271;0;7;134;97;0;30;61;104;6;5469;29;45;152;0;0;5;212;76;0;99;231;0;4;108;0;322,0517241;11,37502427;0;427,3618265;49,11278498;22,70088008;0;11,77802635;4,511331616;23,11622641;66,66666667;33,1849999;22,84192334;79,36009998;7,929706487;0;0;56,6;75,84007367;49,2006306;0;61,83833498;65,65655624;0;0;113,2869104;0
102;77873;2;18;4;0,1532;-0,3929;0,024;-0,139;0,331;-0,103;0,739;0,071;-0,7625;1,11;1,018;-0,013;-0,636;-1,081;-0,551;-1,1724;-0,539;-0,321;2,345;-0,563;-0,451;-0,582;0,5183;-0,236;1,687;4,269;4,04;2,447;2,084;-0,5559;-0,481;0,379;1,047;0,277;1,664;0,389;377;95;0;122;22;30;0;132;10;43;0;1555;10;13;31;2;0;5;88;8;0;0;92;0;4;57;0;192,3342175;22,00832409;0;338,2940034;47,85009218;30,39679013;0;30,99713669;4,577754469;33,19788609;0;33,66714477;0;36,96004455;4,985897798;8;0;52,26674553;17,96280052;77,59812272;0;0;73,7626268;0;0;42,99712991;0
103;78794;1;26;5;-0,0558;0,0324;0,51;0,492;0,585;0,988;0,739;0,786;0,0456;0,082;1,283;0,722;1,154;2,419;2,187;-0,0051;2,699;-0,632;0,924;1,443;2,854;-0,382;0,059;0,997;3,288;2,082;1,902;1,175;1,139;0,0234;-0,032;0,862;2,343;1,046;0,516;2,487;464;3820;0;279;227;428;1;20;61;138;35;2459;0;185;186;0;0;12;28;76;0;29;559;12;5;842;0;82,34482759;3,680592685;0;124,7117038;79,18893522;27,71651969;8;0;2;17,66658389;41,48352314;28,44198155;0;49,71595671;19,44133822;0;0;32,24005249;82,55282794;43,12958703;0;44,84324287;58,05789878;10,5;6,5;40,1950471;0
104;78827;2;20;4;0,3014;-0,4094;-0,721;-0,139;1,323;-0,815;1,15;0,071;0,4948;1,633;3,018;-0,013;1,469;1,215;4,158;-0,1175;1,058;0,444;4,215;1,707;0,464;0,753;-0,2921;-0,016;-0,055;1,782;1,579;0,862;2,401;0,5605;0,422;1,99;3,112;1,606;0,956;3,23;318;315;0;16;36;73;0;142;64;360;3;4877;6;270;12;0;0;38;7;24;49;0;377;0;43;1024;0;58,71698113;17,46896757;0;0;82,63425899;22,48774297;0;5,289045363;3,626848585;23,32376843;2;30,66280264;0;37,31045982;0;0;0;50,77887317;18,25;34,85639218;14,57392779;0;72,13410324;0;26,15004533;57,23919093;0
105;79050;1;26;5;1,7384;0,8788;1,482;1,981;2,949;0,562;1,575;1,739;-0,5252;0,082;-1,261;0,228;0,219;0,995;1,85;0,0447;0,815;-0,795;-1,711;2,849;2,513;1,545;0,3853;1,285;2,251;3,62;1,579;1,816;2,726;-0,4115;-0,257;1,121;0,753;1,606;0,516;0,389;32;4;0;55;2;7;0;2;2;17;0;223;0;1;1;0;0;0;0;0;0;0;0;0;0;0;0;103,28125;10,98002226;0;413,6080514;0;9,475026164;0;46;2,074191361;18,24535849;0;21,45769169;0;76;1;0;0;0;0;0;0;0;0;0;0;0;0
106;79960;2;29;5;-0,1423;0,4623;0,268;1,104;2,342;1,623;0,944;1,02;0,6032;2,178;4,447;1,235;2,375;0,107;2,187;0,4811;1,558;-0,018;3,368;1,707;3,692;1,545;0,5847;2,541;1,963;1,782;2,864;2,447;3,455;0,2469;1,366;1,394;1,667;1,046;1,419;3,23;450;354;0;421;18;184;12;300;327;377;2;2886;47;6;13;0;0;17;62;48;197;0;432;0;28;10;0;59,35555556;23,59562448;0;296,0669284;28;22,50378901;158,2208687;69,89838307;6,63306184;23,16504666;0;15,45786243;35,35814247;61,2;30,77339704;0;0;28,51577523;40,93652301;44,03775423;30,0902483;0;90,72389839;0;29,70463692;0;0
107;80202;1;21;4;-0,0214;-0,0519;0,268;0,9;-0,19;0,776;0,323;1,255;0,631;2,793;3,018;-0,252;1,777;3,061;2,877;0,3414;0,343;-0,018;3,368;3,204;2,193;1,774;-0,7461;-0,236;-0,055;1,22;0,936;0,283;0,272;1,6678;-0,032;1,683;6,045;3,243;3,304;5,167;174;1172;0;352;72;680;0;915;59;303;76;4560;657;168;673;0;4;0;192;74;55;0;1322;431;18;1774;0;25,01724138;16,61184752;0;247,5556606;30,83814104;24,63919633;0;152,832936;2;21,96891671;46,47878106;31,03627412;12,00084019;39,41073489;12,28180488;0;0;0;43,42036931;29,45006056;15,14049166;0;34,9315746;42,40780537;2;86,31465802;0
108;81076;1;26;4;0,7652;-0,144;0,024;0,492;0,585;0,345;0,739;0,551;-0,1341;0,334;-0,749;0,228;1,777;2,419;1,85;0,2684;0,815;0,606;3,755;2,537;1,885;1,332;-0,2259;0,462;1,687;0,455;2,221;1,816;0,834;-0,2242;-2,132;0,154;1,351;1,606;2,511;1,67;349;319;0;183;8;86;0;65;327;206;0;1391;0;52;139;0;0;12;1;0;19;0;163;0;2;0;0;54,5730659;7,819478014;0;135,8787838;45,88013365;32,51382268;0;193,7995552;3,456461929;16,19883229;0;22,09289096;0;50,78819002;10,67258775;0;0;63,51210146;3;0;45,65416356;0;54,18724264;0;92;0;0
109;81933;1;21;4;0,5786;-0,3859;-0,721;-0,58;-1,252;-0,335;1,575;2,874;-0,7023;-1,279;-1,798;2,96;2,673;-1,882;-0,782;-1,841;-2,043;-2,376;-1,955;-1,237;-0,239;-0,582;1,4535;0,462;4,42;3,62;5,857;5,747;3,071;-1,6789;-1,623;-0,658;-0,305;-1,23;-1,468;-1,02;226;122;50;127;40;31;0;260;36;53;24;2477;6;35;104;0;5;32;59;51;18;370;196;2;25;6;0;61,86283186;5,621097063;25,98877899;45,35296528;69,96549243;20,05717612;0;61,22771842;2,665272279;14,56384643;2,666666667;15,57616058;1,5;50,38461538;17,19514839;0;130,6;23,74739602;22,18267204;40,00892783;7,803756231;45,10107496;42,88707781;45,5;74,71428571;0;0
110;82288;1;23;4;3,0946;0,1254;0,51;1,524;0,585;-0,103;2,59;-0,177;-0,5109;1,37;1,553;1,498;-0,909;-2,178;0,84;-0,2575;-0,956;-1,145;3,017;1,707;2,854;0,568;0,959;3,304;3,288;4,269;3,586;1,496;3,071;0,5479;1,123;-0,268;4,084;1,898;0,734;4,025;170;27;0;0;49;25;0;146;1;63;2;2482;2;12;2;0;189;0;0;11;0;0;107;10;2;39;0;204,7176471;21,12310174;0;0;187,729944;13,25779982;0;2;1,904498581;16,034031;0;30,19426749;0;30;0;0;9,877734479;0;0;56,4068233;0;0;43,86453869;38,44444444;0;32,54545455;0
111;83779;1;26;5;0,5352;0,8899;1,732;1,981;2,63;2,072;-0,109;1,739;0,6448;2,472;1,553;0,976;2,982;1,666;3,249;-0,4033;0,343;-0,632;-0,76;3,204;1,003;-0,186;-0,9104;1,285;-0,732;-0,43;0,63;0,283;-0,226;-0,4934;0,653;2,684;-0,54;0,779;0,093;0,389;288;127;0;4;6;55;0;143;5;32;0;652;8;29;11;0;0;2;23;2;0;0;41;40;2;18;0;117,8645833;41,11525661;0;0;0;20,70456861;0;90,87450354;4,695353184;22,0771663;0;13,3460407;0;54,32289075;12;0;0;14;29,02403684;18;0;0;39,95100353;110,3475572;0;0;0
112;85351;2;21;4;-0,5453;0,4215;0,752;1,311;1,079;2,593;0,944;0,313;1,215;2,472;5,644;1,498;3,312;1,215;4,158;-0,2199;1,058;-0,965;0,284;2,849;1,003;0,568;-0,0018;0,722;1,687;2,401;2,539;1,175;1,139;0,2822;-0,257;1,394;2,712;1,322;0,516;3,23;78;476;0;7;42;111;0;1;41;201;37;2874;7;40;73;0;0;27;700;174;28;13;242;0;40;1408;0;1,5;16,18030737;0;5,490012237;56,31298941;16,69178111;0;4;3,527475666;23,59430857;84,32209114;38,77404108;29,6;55,88342363;6,560007213;0;0;49,97174267;50,48743269;41,69743005;40,86453647;38,53605985;38,01187309;0;59,06373434;42,9690623;0
113;87358;1;25;5;1,2022;2,5201;3,236;3,266;5,595;2,914;2,299;5,526;1,71;5,413;2,692;3,333;2,982;3,061;6,088;1,809;4,128;-0,018;4,215;5,419;5,515;2,314;1,8143;3,785;1,16;3,62;5,857;5,747;5,747;1,8009;1,875;2,684;4,775;3,705;1,923;6,402;173;1041;0;30;63;116;4;6;737;141;19;1919;4;18;382;0;9;0;12;26;50;0;240;205;14;872;0;53,53179191;5,039091639;0;89,00720636;50,31364225;18,62473208;0;0;3,040623053;8,102430928;35,6537913;14,69781279;0;37,0250667;7,052419319;0;273,8654706;0;0,75;46,63480034;10,42148358;0;30,40986251;37,59955642;18,9372874;44,46601823;0
114;88988;2;19;4;0,592;0,0159;0,024;0,492;1,817;0,776;0,11;0,551;-0,3395;1,11;1,018;-0,728;0,837;0,107;1,172;-0,3968;0,815;-0,475;3,368;1,18;-0,018;0,94;-0,7546;0,216;-1,427;2,082;0,936;-0,227;0,544;0,3308;2,767;1,683;2,712;0,041;1,419;2,487;71;208;0;88;62;130;0;26;19;132;15;1591;2;52;123;0;0;0;159;34;1;38;505;104;17;1351;2;0;18,07440178;0;1148,885365;91,09656587;24,21117325;0;124,2015924;4,752735279;26,13726145;98,64625965;53,26780233;0;46,50055549;15,23661094;0;0;0;17,88004756;61,16138524;21;49,20003148;48,39914859;69,0891;35,29781385;73,13441014;0
115;89849;1;21;4;0,6111;-0,42;0,51;-0,357;0,072;-0,815;1,36;0,071;-1,6782;-1,698;-1,525;-0,252;-1,456;-2,496;-1,655;-0,927;-0,539;-0,169;-1,955;-1,691;2,193;0,753;-0,0561;0,462;1,687;2,401;1,902;1,496;1,139;-1,0734;0,194;-0,268;0,2;0,277;-1,273;0,042;44;399;3;653;71;358;0;96;92;200;27;633;104;89;26;3;50;10;216;23;4;1;450;290;32;2282;0;23,5;18,36167234;12;70,58524515;58,73222318;14,43780369;0;158,6688736;3,545652231;18,05329911;32,92675359;37,99986785;67,12042827;62,86302052;1,913336546;88;55,73610123;55;97,59302701;51,4;12,31335432;136;62,17439131;19,86940813;5;75,99295475;0
116;90885;1;18;4;1,4207;0,7845;1,991;1,524;2,63;1,623;0,944;0,786;0,5906;3,159;2,391;-0,013;1,777;1,438;3,663;0,0986;1,305;0,606;3,755;1,443;1,584;1,132;-0,2227;0,722;2,251;2,401;1,255;0,862;0,272;1,0854;0,653;2,321;3,558;2,2;1,664;5,167;318;751;45;765;294;925;18;21;89;94;14;2775;46;90;249;0;38;19;28;246;0;5;633;2;7;487;0;93,36163522;16,63401972;62,36561387;174,6244742;72,87306612;15,69683747;39,40369328;117,1203183;3,752968466;19,92576419;69;35,4948404;29,63470277;30,77518009;21,21676058;0;48,58348445;193,4537951;30,76002453;48,14395146;0;54,66666667;55,68415767;0;4;45,17986777;0
117;91278;1;27;5;1,368;0,3004;0,51;1,311;1,323;1,199;1,15;0,551;-0,4658;-0,401;1,826;0,473;0,837;-2,847;1,85;-0,4879;0,815;0,134;1,28;-0,094;0,727;1,132;0,2705;0,997;5,669;2,401;0,341;1,496;2,084;-0,4062;-0,929;0,615;0,753;1,898;0,302;1,223;134;886;0;13;44;130;0;191;16;2;512;1307;7;63;25;0;0;33;9;2;1;384;875;23;10;127;0;68,05223881;3,888922542;0;254,3333333;132,0299384;20,74605263;0;82,94717581;2,925235979;53;33,40212182;11,2576192;82;39,71556648;10,65334953;0;0;36,41911268;65;0;14;30,64334319;65,15353943;17,3;55,80022274;13,60183777;0
118;91689;1;23;5;1,3298;-1,566;-2,583;-0,357;-3,034;-1,316;0,739;-1,216;-1,0755;-0,164;0,5;-0,728;-1,182;-0,354;-1,005;-1,0084;1,058;0,134;3,017;-1,013;-0,853;-0,582;-0,3299;-0,236;0,905;1,495;1,255;1,175;1,768;-0,8934;-3,086;-0,268;1,351;-0,404;1,184;0,389;31;247;0;185;21;729;0;14;36;459;0;3754;8;0;23;0;0;19;30;0;38;0;468;99;30;10;0;0;11,22501718;0;64,69223387;38,44444444;9,057993372;0;24;2,524809916;27,50858792;0;50,78287851;0;0;6,345890657;0;0;27,78185366;47,40803711;0;22,68168219;0;66,56704542;5,017982277;23,86403641;0;0
119;91709;2;40;4;1,5039;0,07;0,51;0,075;0,585;1,41;1,575;0,551;0,0233;1,633;-0,499;0,976;1,777;0,554;2,527;0,7478;2,09;2,075;3,368;2,849;2,854;1,332;0,527;2,901;2,559;2,749;1,255;2,447;2,726;-0,2352;0,653;1,394;-0,059;1,606;1,184;1,67;149;83;0;0;39;39;0;0;7;66;0;620;10;48;3;0;6;7;0;47;27;5;62;0;4;0;0;37,28187919;23,01161534;0;0;800,9210084;32,65528935;0;0;4,815058022;27,45202746;0;71,84213417;552,5;134,3675372;34;0;6,653348174;117,5714286;0;100,3602413;19,60003532;16;156,0749079;0;0;0;0
120;92814;2;22;4;0,8666;0,4913;0,024;0,696;1,568;1,41;2,038;2,263;1,1473;2,472;2,391;5,613;4,129;-0,59;3,663;0,515;2,699;0,134;1,28;1,974;3,235;1,545;0,9417;1,889;1,421;2,401;3,586;5,747;2,726;-0,1024;1,123;0,862;2,712;1,046;0,516;0,389;305;129;0;83;0;68;0;4;5;64;0;1650;2;17;41;0;2;0;11;72;0;2;294;0;40;6;0;80,33114754;15,16636712;0;215,9943244;0;19,87224341;0;0;2,426143192;17,24838175;0;32,13346066;0;67,38940255;28,3822877;0;93;0;87;50,23628309;0;0;123,4340134;0;490,8329471;0;0
121;93127;2;19;4;0,9547;-0,9162;-1,488;-0,58;0,585;0,123;-1,045;-0,951;-0,0391;1,633;1,553;1,235;1,154;-0,121;1,172;-0,9415;0,343;-0,795;2,345;-0,331;-0,451;0,197;-1,0272;0,722;-1,674;-0,004;1,255;-0,463;-0,226;-0,2393;3,137;1,121;1,997;-1,027;-0,112;1,67;627;1137;359;519;98;256;0;21;763;507;111;6092;43;47;87;35;4;112;10;210;0;0;659;9;17;2080;0;113,1881978;3,25891976;22,17877927;118,9012027;89,53991649;12,34691884;0;2;2,118835233;6,469082012;45,3205995;19,67430157;38,92361326;53,46144032;10,28521811;3,660747315;5,970033411;24,28884029;70,8;37,66724353;0;0;59,39891067;12,6167211;39,4;101,1181806;0
122;93654;2;23;4;0,9769;-1,0914;-0,974;-0,58;-1,252;0,123;-0,334;-1,484;-0,3941;2,793;3,018;-1,468;-0,909;0,107;-0,051;-0,6389;-0,539;-0,321;2,68;0,917;-0,018;0,94;-0,762;-0,236;0,176;1,782;0,341;-0,227;0,544;0,5678;0,653;0,615;1,667;2,517;1,923;5,167;176;246;0;30;31;65;0;15;7;42;1;1493;14;31;196;48;0;1;20;78;0;0;274;120;19;879;0;43,57954545;11,69165495;0;350,6379544;191,6898398;15,35751245;0;4;3,788097394;43,77792386;0;24,38397811;23,84287727;53,84554874;14,27587475;4,655430386;0;27;0;47,55280354;0;0;54,08188439;6,09459366;20,24005118;46,94813308;0
123;94005;2;32;5;0,8407;0,4445;0,51;0,9;1,817;0,988;1,36;1,739;0,2838;2,472;2,391;1,235;1,777;0,775;1,172;0,6731;1,558;2,406;3,368;2,849;2,193;1,774;0,5561;1,583;2,251;3,62;3,206;2,132;2,084;0,4979;1,615;1,121;2,343;1,898;1,419;3,611;1172;33;0;0;0;364;0;0;20;49;0;1448;0;0;3;0;0;10;0;0;73;0;185;0;7;0;0;87,00682594;12,80524013;0;0;0;4,373655904;0;0;8,546482541;19,36005177;0;5,060195667;0;0;3;0;0;93,90899768;0;0;10,4924769;0;153,897162;0;28;0;0
124;94115;1;41;4;0,8845;-0,024;-0,47;0,492;1,817;1,842;-2,101;1,494;1,1152;3,159;3,833;2,631;2,673;4,086;2,187;0,2552;2,09;-0,321;4,215;3,637;0,216;1,132;-1,3894;-0,016;-4,34;-1,593;2,221;0,563;-1,33;-0,7516;0,886;-0,268;1,047;0,041;-1,67;1,67;1001;94;0;10;4;146;0;11;9;11;0;2136;4;116;57;0;0;10;0;4;0;0;12;0;16;10;0;96,34665335;18,25454053;0;0;0;25,90061026;0;80;3,54669373;10,54545455;0;28,58964083;0;36,98876026;30,5767766;0;0;0;0;0;0;0;10,47003341;0;0;0;0
125;94406;2;25;4;-0,0122;-0,9458;-0,974;-0,807;0,072;0,776;-0,802;-1,755;-0,1266;1,901;1,283;-0,969;1,469;-0,354;1,85;0,3391;2,09;2,075;4,838;1,18;1,29;1,332;-0,9831;-0,016;0,176;0,954;-0,685;-1,132;1,139;-0,3002;1,875;1,683;1,351;0,523;-1,273;1,223;275;283;0;15;30;37;0;12;3;135;0;2427;10;56;22;0;0;1;0;0;0;0;194;0;13;164;0;247,4909091;15,33734302;0;430,8113253;163,2982442;23,09852785;0;0;2,90839851;35,50878054;0;39,36152618;2;51,43924826;3,882021353;0;0;144;0;0;0;0;80,0237381;0;24,72002636;66,05550512;0
126;94479;2;25;5;0,5943;0,4939;1,236;0,9;2,073;0,988;1,36;1,02;-7,00E-04;1,11;1,553;1,498;1,154;0,775;1,172;0,0085;0,114;0,288;2,001;1,974;1,885;1,545;0,2641;2,541;1,687;2,082;2,864;1,816;1,139;-0,1276;0,653;1,394;1,351;1,046;0,516;1,67;461;195;47;0;22;118;0;8;22;425;0;3071;34;140;87;54;33;13;26;165;22;0;496;26;4;122;0;75,12581345;20,67767657;13,35797201;0;70,21928492;25,37823657;0;0;2,797539243;11,70197542;0;18,41739316;38,94672474;38,78339262;22,75491292;2;25,65223942;52,14196768;16,16192603;38,15855024;30,38895206;0;56,55365539;39,02461412;0;52,76816976;0
127;94601;2;19;4;0,2617;0,9399;2,261;1,746;2,63;1,41;1,15;1,494;-0,519;-0,164;0,247;0,722;0,837;-0,121;0,523;-0,2175;-0,108;0,773;2,345;1,443;1,885;0,384;0,6309;3,785;1,16;3,62;2,864;2,769;1,139;-0,5429;-0,032;0,154;0,471;1,046;0,734;1,223;221;186;13;116;52;55;0;13;11;73;25;1329;3;26;33;0;0;5;0;40;0;0;287;0;34;416;0;135,3167421;23,80180287;41,27272727;269,7713052;421,0552464;24,17702802;0;35,88013365;3,950836679;23,04658965;46,93585251;37,23400346;11;121,8456474;11,71503599;0;0;48,6;0;68,73651663;0;0;73,27261047;0;151,875;99,0460517;0
128;95152;2;19;4;1,8813;0,2777;0,024;1,524;1,568;0,345;2,299;0,313;0,2502;2,178;0,5;-0,252;2,078;1,215;3,249;0,9978;1,305;1,336;4,215;2,537;4,313;2,652;1,5297;2,901;4,42;5,504;4,04;3,485;3,915;1,0393;-0,257;1,394;4,775;3,705;1,923;2,861;75;201;0;440;6;424;0;0;18;185;0;3694;75;10;30;0;55;7;0;197;8;0;655;0;15;0;0;6,586666667;19,19470171;0;114,7965376;0;21,50222866;0;0;2,781148225;18,57552166;0;32,43339165;19,25167864;62,2830195;10,29386261;0;83,13129228;7,584019438;0;36,67905365;4,188014308;0;76,33045545;0;37,9508158;0;0
129;95295;2;19;4;0,5735;-1,0175;-1,749;-0,357;-1,793;-1,063;1,15;0,313;-0,4986;1,633;0,5;0,722;0,523;-0,121;-0,782;0,7252;3,511;2,075;3,017;1,707;3,235;0,753;0,6018;1,583;1,16;3,144;3,206;2,447;3,455;0,0317;-0,481;0,862;2,712;0,779;0,093;2,861;138;218;0;0;111;104;65;4;102;182;29;1491;73;44;27;0;0;32;16;1;0;0;544;17;5;819;0;60,66666667;8,631371135;0;0;17,71624684;22,08798008;85,64337459;0;3,840283893;20,40997835;39,99748735;51,87686693;49,73867703;51,14135433;26;0;0;59,9093524;59,47215085;0;0;0;71,84619146;176,5404289;0;48,58815971;0
130;95470;2;23;5;1,2624;1,3524;0,993;2,52;5,595;0,988;0,11;3,243;1,1332;4,217;1,283;4,407;3,682;-1,337;4,827;-0,6022;1,558;-1,145;3,755;-0,094;0,216;0,197;1,1234;2,901;1,421;2,401;4,659;5,747;2,401;1,7466;4,211;4,246;4,775;3,705;-1,082;5,167;260;455;4;32;76;312;1;5;78;48;73;3561;28;95;71;0;2;2;47;207;2;0;322;234;0;471;5;63,26153846;15,62569802;10;67,09622626;22,51541153;14,30119568;4;12;2;18,99203969;26,37029046;13,19314158;39,75506204;59,78773231;5,374709734;0;218;32;13,90455312;21,54636228;0;0;29,37396529;8,966434533;0;36,94587683;62,08015935
131;95538;2;22;4;-0,0995;-0,4131;-0,974;0,075;0,834;0,988;0,533;-0,688;0,0915;2,178;1,018;1,498;1,154;1,215;1,172;-0,5174;-0,108;-0,169;2,345;1,18;0,727;0,384;-0,2025;0,722;0,905;2,082;1,579;1,175;1,139;0,1261;1,875;1,683;2,343;0,779;0,516;1,67;915;116;0;0;2;54;0;6;41;137;0;2598;4;47;7;0;0;35;0;0;0;0;253;0;10;358;0;84,33005464;25,53808237;0;0;0;27,59709537;0;0;3,651647284;53,03001775;0;20,07724177;0;80,20316433;37,2;0;0;81,30886565;0;0;0;0;92,00319755;0;14,93341256;75,5314207;0
132;95904;2;18;4;1,2295;0,5888;1,482;1,746;1,323;0,988;0,739;1,739;0,3693;0,85;1,553;2,043;2,375;1,215;2,527;0,3011;1,305;1,554;0,591;2,248;2,193;1,545;0,0056;0,997;1,16;1,782;2,221;2,447;0,834;-0,3926;-0,481;1,683;1,047;0,523;0,956;0,389;199;609;9;285;406;387;0;11;388;99;0;1874;114;58;186;0;56;34;0;108;17;0;224;0;16;374;0;174,8693467;6,681202052;46,85714286;198,6113648;7,678419543;13,14384461;0;47,92674266;3,334681015;16,09710308;0;25,54673281;17,13917098;46,49250456;7,724946584;0;22,278083;50,114547;0;35,02571203;31,95001885;0;55,95336548;0;44,59008504;91,71563885;0
133;95933;2;22;5;0,3392;-0,3998;-0,974;0,285;-0,19;0,123;1,575;0,313;-0,7133;0,85;0,5;-1,73;-0,636;-0,121;1,172;-0,7882;-0,748;-0,632;2,001;0,401;0,464;0,568;0,4811;0,216;0,413;4,269;3,206;2,132;3,455;-0,1877;0,886;0,379;1,667;0,523;0,956;2,094;42;614;0;3;65;46;18;9;17;119;0;3144;0;39;158;0;8;1;0;59;76;22;182;0;0;1856;0;341,5;20,8424797;0;148;52,1779308;16,1533407;72,31146581;75,66666667;4,846273817;39,62591622;0;38,10434048;0;49,6964923;9,074864024;0;39,33333333;82;0;55,89756113;31,25446223;42,41666667;71,46387077;0;0;52,60055246;0
134;96502;1;27;5;1,3344;-0,0749;-1,488;-0,139;1,079;1,41;1,15;1,739;-0,3749;0,85;1,826;0,976;0,219;-1,882;1,172;-0,611;-0,748;-1,338;1,644;0,917;1,29;0,94;0,1793;1,285;1,687;1,495;2,539;2,132;2,084;-0,5912;0,886;0,379;1,047;0,523;-1,082;1,223;237;308;110;51;24;325;0;246;53;141;21;3921;23;287;67;0;25;6;52;88;35;0;410;503;12;67;0;82,09704641;18,9731077;40,08044892;55,10277102;148,4016525;25,21560788;0;111,6523557;3,536823764;18,78718142;21,8;36,00120738;27,46153846;45,50525402;32,56319951;0;306,6;93,16666667;66,15679369;30,25028677;26,11684734;0;71,31005889;38,82516318;45,94292621;59,94333758;0
135;96622;2;22;4;2,4032;-0,9277;-2,016;-0,58;-0,72;-0,103;0,739;-0,177;0,5488;2,178;1,553;1,767;2,078;0,107;4,158;0,385;2,09;0,606;4,838;1,18;3,235;0,568;0,8199;1,583;1,16;4,269;4,659;3,485;1,768;-0,3952;-1,623;1,121;1,667;-0,186;0,734;1,67;203;145;0;89;41;49;0;0;1673;141;0;1471;2;20;7;0;0;0;0;8;6;0;124;0;4;126;0;54,63054187;15,63005192;0;382,6177555;74,16154698;27,18773795;0;0;2,311368626;27,00236862;0;31,21254273;0;5,480024444;73;0;0;0;0;72,16666667;7,333333333;0;107,5714195;0;0;58,38010315;0
136;97058;2;26;5;0,0797;0,1081;0,51;1,524;-0,455;0,345;1,799;1,02;-0,1296;0,85;0,757;2,631;-0,074;0,775;1,511;0,8361;3,511;1,554;2,68;1,974;4,313;0,568;0,6283;3,785;1,16;1,495;2,221;3,108;3,455;-0,6276;-0,929;0,379;0,753;0,779;-0,701;1,67;49;104;0;7;13;45;0;49;40;23;66;541;10;27;20;0;0;0;9;44;1;0;26;11;14;48;0;0;11,25195943;0;63,46690469;64;36,53253651;0;97,74100851;5,065949795;25,02478945;39,996221;34,31092821;0;61,89877764;16,26003116;0;0;0;5,980022274;52,04538613;17;0;40,24775805;24;0;27,36240118;0
137;99007;1;27;5;0,3734;0,0239;1,482;-0,357;2,073;0,776;-2,101;1,494;0,8106;1,633;2,692;1,767;3,682;3,487;1,85;-0,3181;1,818;-1,145;0,284;2,537;0,464;0,197;-1,068;-0,447;-1,189;1,22;-0,193;0,02;-0,226;0,1873;0,194;0,615;3,112;1,606;0,302;2,487;874;369;37;2;132;161;0;532;92;58;26;3803;145;97;326;0;14;1;0;74;21;0;432;34;20;318;0;154,1327231;10,37365491;32,23668174;127;164,02671;14,20653118;0;91,43647722;3,783936575;20,44963529;45,48955892;18,31679663;16,12336146;57,37919294;19,23137197;0;66,6655085;18;0;41,5835338;11,19288237;0;72,45283754;26,64646572;113,3523008;79,28560824;0
